loc	year	plot	rep	ibloc	row	column	accession	trt	code	DB	DH	DM	GFP
ARSINEG	1	1	1	1	1	1	218969_A	163	B_199	50	57	89	32
ARSINEG	1	2	1	1	1	2	4492_A	14	B_88	65	71	102	31
ARSINEG	1	3	1	1	1	3	230815_A	216	B_244	56	39	93	54
ARSINEG	1	4	1	1	1	4	4051_C	12	B_87	58	66	97	31
ARSINEG	1	5	1	1	1	5	230616_A	208	B_236	49	55	89	34
ARSINEG	1	6	1	1	1	6	225249	201	B_49	64	70	102	32
ARSINEG	1	7	1	1	1	7	18378_B	65	B_120	64	71	103	32
ARSINEG	1	8	1	1	1	8	243614	293	B_77	51	56	81	25
ARSINEG	1	9	1	1	1	9	230631_A	211	B_239	50	55	81	26
ARSINEG	1	10	1	1	1	10	215217_A	145	B_187	51	58	89	31
ARSINEG	1	11	1	1	1	11	242576_A	275	B_280	50	55	87	32
ARSINEG	1	12	1	1	1	12	235267	237	B_58	52	59	87	28
ARSINEG	1	13	1	1	1	13	237339	255	B_66	54	61	93	32
ARSINEG	1	14	1	1	1	14	243407_A	285	B_289	57	67	102	35
ARSINEG	1	15	1	1	1	15	17651	50	B_21	51	59	87	28
ARSINEG	1	16	1	1	1	16	EH_1493	296	B_302	72	82	110	28
ARSINEG	1	17	1	2	1	17	243410_B	287	B_291	58	66	96	30
ARSINEG	1	18	1	2	1	18	16805	31	B_11	58	67	97	30
ARSINEG	1	19	1	2	1	19	235544_A	241	B_262	65	72	99	27
ARSINEG	1	20	1	2	1	20	219576_D	174	B_210	54	61	91	30
ARSINEG	1	21	1	2	1	21	233040_A	220	B_248	68	75	104	29
ARSINEG	1	22	1	2	1	22	202560	112	B_31	50	56	89	33
ARSINEG	1	23	1	2	1	23	24987_B	86	B_139	55	62	93	31
ARSINEG	1	24	1	2	1	24	215228_B	147	B_189	67	75	104	29
ARSINEG	1	25	1	2	1	25	235116_B	233	B_258	66	77	104	27
ARSINEG	1	26	1	2	1	26	213594_A	144	B_186	66	77	104	27
ARSINEG	1	27	1	2	1	27	17254	48	B_19	44	52	77	25
ARSINEG	1	28	1	2	1	28	243611	292	B_76	44	51	78	27
ARSINEG	1	29	1	2	1	29	219611_A	181	B_216	69	76	104	28
ARSINEG	1	30	1	2	1	30	233040_B	221	B_249	60	68	94	26
ARSINEG	1	31	1	2	1	31	242582	278	B_74	45	53	86	33
ARSINEG	1	32	1	2	1	32	64144_C	99	B_151	65	72	104	32
ARSINEG	1	33	1	3	1	33	16739_D	28	B_97	61	68	97	29
ARSINEG	1	34	1	3	1	34	221325	190	B_47	49	55	87	32
ARSINEG	1	35	1	3	1	35	219055_A	166	B_202	53	60	94	34
ARSINEG	1	36	1	3	1	36	237361_A	258	B_272	53	60	94	34
ARSINEG	1	37	1	3	1	37	4495	16	B_4	47	55	86	31
ARSINEG	1	38	1	3	1	38	4051_A	11	B_86	53	60	94	34
ARSINEG	1	39	1	3	1	39	220347	186	B_45	51	59	88	29
ARSINEG	1	40	1	3	1	40	1611_A	1	B_78	44	51	85	34
ARSINEG	1	41	1	3	1	41	235284	238	B_59	49	55	85	30
ARSINEG	1	42	1	3	1	42	243273_A	282	B_286	72	89	107	18
ARSINEG	1	43	1	3	1	43	17244_B	44	B_104	51	58	89	31
ARSINEG	1	44	1	3	1	44	1773_B	4	B_80	73	82	107	25
ARSINEG	1	45	1	3	1	45	18330_D	179	B_118	60	67	102	35
ARSINEG	1	46	1	3	1	46	1826	6	B_2	51	58	88	30
ARSINEG	1	47	1	3	1	47	Holker	316	B_314	59	66	98	32
ARSINEG	1	48	1	3	1	48	4492_D	15	B_89	60	67	104	37
ARSINEG	1	49	1	4	1	49	208841_B	127	B_172	59	66	99	33
ARSINEG	1	50	1	4	1	50	234312_B	228	B_253	49	59	86	27
ARSINEG	1	51	1	4	1	51	24639_A	75	B_128	79	88	113	25
ARSINEG	1	52	1	4	1	52	223168_A	193	B_224	47	54	86	32
ARSINEG	1	53	1	4	1	53	237329	253	B_65	52	59	90	31
ARSINEG	1	54	1	4	1	54	223191	198	B_48	46	54	86	32
ARSINEG	1	55	1	4	1	55	64111_B	94	B_146	68	76	105	29
ARSINEG	1	56	1	4	1	56	243209_A	263	B_284	64	72	104	32
ARSINEG	1	57	1	4	1	57	16866	37	B_13	59	66	100	34
ARSINEG	1	58	1	4	1	58	Cross_41/98	305	B_299	69	78	105	27
ARSINEG	1	59	1	4	1	59	230612_B	207	B_235	49	54	87	33
ARSINEG	1	60	1	4	1	60	235056_B	229	B_254	55	62	93	31
ARSINEG	1	61	1	4	1	61	24639_B	289	B_129	77	91	112	21
ARSINEG	1	62	1	4	1	62	202850_B	118	B_166	57	66	89	23
ARSINEG	1	63	1	4	1	63	230629_A	210	B_238	49	54	87	33
ARSINEG	1	64	1	4	1	64	202642	114	B_32	49	55	82	27
ARSINEG	1	65	1	5	1	65	24622_B	71	B_125	52	60	83	23
ARSINEG	1	66	1	5	1	66	17257	49	B_20	50	57	86	29
ARSINEG	1	67	1	5	1	67	15281	21	B_6	55	64	94	30
ARSINEG	1	68	1	5	1	68	Derebie	309	B_300	51	59	94	35
ARSINEG	1	69	1	5	1	69	243193_A	279	B_282	50	58	96	38
ARSINEG	1	70	1	5	1	70	16755	30	B_10	51	59	89	30
ARSINEG	1	71	1	5	1	71	215244_A	148	B_190	59	68	104	36
ARSINEG	1	72	1	5	1	72	16858_B	35	B_100	61	68	104	36
ARSINEG	1	73	1	5	1	73	208905_B	132	B_177	64	72	105	33
ARSINEG	1	74	1	5	1	74	18327	62	B_25	49	55	89	34
ARSINEG	1	75	1	5	1	75	215456_A	150	B_192	52	60	89	29
ARSINEG	1	76	1	5	1	76	216994	159	B_40	58	66	96	30
ARSINEG	1	77	1	5	1	77	219581_A	178	B_214	60	67	97	30
ARSINEG	1	78	1	5	1	78	223168_C	194	B_225	51	59	92	33
ARSINEG	1	79	1	5	1	79	16737_E	26	B_95	63	69	105	36
ARSINEG	1	80	1	5	1	80	219612_A	182	B_217	54	72	106	34
ARSINEG	1	81	1	6	2	80	208842_A	128	B_173	67	75	105	30
ARSINEG	1	82	1	6	2	79	A_hore_880/61	294	B_294	68	76	106	30
ARSINEG	1	83	1	6	2	78	Explorer	300	B_304	63	71	104	33
ARSINEG	1	84	1	6	2	77	212840_B	136	B_180	59	66	105	39
ARSINEG	1	85	1	6	2	76	243410_A	286	B_290	54	64	96	32
ARSINEG	1	86	1	6	2	75	222969_A	191	B_222	62	70	100	30
ARSINEG	1	87	1	6	2	74	220743_A	188	B_220	60	66	100	34
ARSINEG	1	88	1	6	2	73	15265_A	18	B_91	49	55	89	34
ARSINEG	1	89	1	6	2	72	202717_A	116	B_165	53	61	94	33
ARSINEG	1	90	1	6	2	71	Fanaka	306	B_305	57	65	100	35
ARSINEG	1	91	1	6	2	70	220654	187	B_46	57	65	97	32
ARSINEG	1	92	1	6	2	69	18302_A	59	B_113	47	58	89	31
ARSINEG	1	93	1	6	2	68	242574	274	B_72	53	62	95	33
ARSINEG	1	94	1	6	2	67	3514_A	7	B_82	65	72	104	32
ARSINEG	1	95	1	6	2	66	17658	51	B_22	49	58	92	34
ARSINEG	1	96	1	6	2	65	HB_1533	320	B_310	53	61	91	30
ARSINEG	1	97	1	7	2	64	237346_B	257	B_271	53	61	94	33
ARSINEG	1	98	1	7	2	63	212959_B	140	B_184	52	59	90	31
ARSINEG	1	99	1	7	2	62	219612_B	183	B_218	58	68	109	41
ARSINEG	1	100	1	7	2	61	208903_A	130	B_175	46	54	78	24
ARSINEG	1	101	1	7	2	60	239519_B	262	B_274	51	59	86	27
ARSINEG	1	102	1	7	2	59	64165_A	100	B_152	52	61	91	30
ARSINEG	1	103	1	7	2	58	24965_C	80	B_134	62	71	99	28
ARSINEG	1	104	1	7	2	57	243312_B	284	B_288	71	77	106	29
ARSINEG	1	105	1	7	2	56	24955_B	77	B_131	60	65	97	32
ARSINEG	1	106	1	7	2	55	229796	204	B_50	62	69	98	29
ARSINEG	1	107	1	7	2	54	64144_B	98	B_150	58	66	100	34
ARSINEG	1	108	1	7	2	53	208841_A	126	B_171	51	56	83	27
ARSINEG	1	109	1	7	2	52	219185_A	169	B_205	53	61	92	31
ARSINEG	1	110	1	7	2	51	64134_A	96	B_148	56	65	99	34
ARSINEG	1	111	1	7	2	50	Ardu_12_60B	298	B_295	70	78	106	28
ARSINEG	1	112	1	7	2	49	212947_A	137	B_181	59	67	104	37
ARSINEG	1	113	1	8	2	48	235105_B	231	B_257	60	66	102	36
ARSINEG	1	114	1	8	2	47	16881_A	39	B_102	52	60	90	30
ARSINEG	1	115	1	8	2	46	219178_B	168	B_204	51	60	89	29
ARSINEG	1	116	1	8	2	45	219580_A	177	B_213	65	74	101	27
ARSINEG	1	117	1	8	2	44	219328_B	172	B_208	51	59	89	30
ARSINEG	1	118	1	8	2	43	16727	24	B_8	60	68	99	31
ARSINEG	1	119	1	8	2	42	213523_B	142	B_246	55	61	91	30
ARSINEG	1	120	1	8	2	41	204677	120	B_35	56	63	94	31
ARSINEG	1	121	1	8	2	40	235262	235	B_57	47	58	82	24
ARSINEG	1	122	1	8	2	39	223926_A	199	B_229	51	60	94	34
ARSINEG	1	123	1	8	2	38	18356_A	64	B_119	55	63	95	32
ARSINEG	1	124	1	8	2	37	215698_B	153	B_195	54	62	93	31
ARSINEG	1	125	1	8	2	36	17145	40	B_15	52	59	90	31
ARSINEG	1	126	1	8	2	35	24974_A	83	B_136	54	63	88	25
ARSINEG	1	127	1	8	2	34	219576_A	173	B_209	51	60	93	33
ARSINEG	1	128	1	8	2	33	238348	259	B_67	49	55	88	33
ARSINEG	1	129	1	9	2	32	237020_A	250	B_268	50	59	93	34
ARSINEG	1	130	1	9	2	31	Bekoji_1	313	B_298	60	66	99	33
ARSINEG	1	131	1	9	2	30	24626_B	72	B_126	51	57	82	25
ARSINEG	1	132	1	9	2	29	202676_A	115	B_164	51	60	88	28
ARSINEG	1	133	1	9	2	28	235546_A	242	B_263	59	66	98	32
ARSINEG	1	134	1	9	2	27	219616_A	184	B_219	61	67	100	33
ARSINEG	1	135	1	9	2	26	HB_42	299	B_313	74	83	116	33
ARSINEG	1	136	1	9	2	25	237346_A	256	B_270	51	56	87	31
ARSINEG	1	137	1	9	2	24	243307_A	283	B_287	46	53	80	27
ARSINEG	1	138	1	9	2	23	234302_A	225	B_250	57	63	93	30
ARSINEG	1	139	1	9	2	22	64065_C	91	B_143	59	67	98	31
ARSINEG	1	140	1	9	2	21	15271	19	B_5	47	54	82	28
ARSINEG	1	141	1	9	2	20	217176	162	B_43	50	57	82	25
ARSINEG	1	142	1	9	2	19	18304_C	60	B_114	51	58	88	30
ARSINEG	1	143	1	9	2	18	18294_A	58	B_111	53	61	91	30
ARSINEG	1	144	1	9	2	17	215432_A	149	B_191	53	60	91	31
ARSINEG	1	145	1	10	2	16	212504_A	134	B_178	58	66	99	33
ARSINEG	1	146	1	10	2	15	64116_A	95	B_147	63	71	103	32
ARSINEG	1	147	1	10	2	14	234308_A	227	B_252	55	64	96	32
ARSINEG	1	148	1	10	2	13	242093_A	270	B_276	72	81	110	29
ARSINEG	1	149	1	10	2	12	24628_A	73	B_127	49	55	81	26
ARSINEG	1	150	1	10	2	11	17661_A	52	B_107	50	57	88	31
ARSINEG	1	151	1	10	2	10	234300	224	B_55	47	54	82	28
ARSINEG	1	152	1	10	2	9	219578_A	175	B_211	58	66	96	30
ARSINEG	1	153	1	10	2	8	230619_B	209	B_237	47	53	84	31
ARSINEG	1	154	1	10	2	7	237003_B	248	B_267	50	58	92	34
ARSINEG	1	155	1	10	2	6	236819	245	B_60	62	67	96	29
ARSINEG	1	156	1	10	2	5	232356	218	B_52	55	64	92	28
ARSINEG	1	157	1	10	2	4	243203_A	280	B_283	59	66	100	34
ARSINEG	1	158	1	10	2	3	17663	53	B_23	45	52	79	27
ARSINEG	1	159	1	10	2	2	242098_A	271	B_277	51	59	94	35
ARSINEG	1	160	1	10	2	1	64172_B	103	B_155	52	61	94	33
ARSINEG	1	161	1	11	3	1	24620_A	70	B_124	52	58	90	32
ARSINEG	1	162	1	11	3	2	208905_A	131	B_176	59	66	94	28
ARSINEG	1	163	1	11	3	3	212947_D	138	B_182	59	67	95	28
ARSINEG	1	164	1	11	3	4	236821	246	B_61	52	59	89	30
ARSINEG	1	165	1	11	3	5	24967_C	81	B_135	61	69	96	27
ARSINEG	1	166	1	11	3	6	219584_A	180	B_215	57	66	96	30
ARSINEG	1	167	1	11	3	7	220790_D	189	B_221	64	72	98	26
ARSINEG	1	168	1	11	3	8	18905	67	B_26	57	65	94	29
ARSINEG	1	169	1	11	3	9	24636	74	B_27	50	59	91	32
ARSINEG	1	170	1	11	3	10	204686	121	B_36	53	61	91	30
ARSINEG	1	171	1	11	3	11	18294_C	267	B_112	52	61	92	31
ARSINEG	1	172	1	11	3	12	3514_C	8	B_83	57	63	92	29
ARSINEG	1	173	1	11	3	13	Miscal_21	295	B_317	51	60	89	29
ARSINEG	1	174	1	11	3	14	216997	160	B_41	50	58	87	29
ARSINEG	1	175	1	11	3	15	Travller	304	B_320	60	68	97	29
ARSINEG	1	176	1	11	3	16	235541_A	240	B_261	59	68	97	29
ARSINEG	1	177	1	12	3	17	17252_C	47	B_106	51	58	89	31
ARSINEG	1	178	1	12	3	18	243565_A	288	B_292	53	62	99	37
ARSINEG	1	179	1	12	3	19	Misrach	315	B_318	56	64	93	29
ARSINEG	1	180	1	12	3	20	235525_A	239	B_260	58	67	95	28
ARSINEG	1	181	1	12	3	21	16739_B	27	B_96	59	67	96	29
ARSINEG	1	182	1	12	3	22	238360	261	B_68	73	82	105	23
ARSINEG	1	183	1	12	3	23	213527_A	143	B_185	49	57	84	27
ARSINEG	1	184	1	12	3	24	64333_B	108	B_160	49	56	82	26
ARSINEG	1	185	1	12	3	25	230814_A	214	B_242	53	60	90	30
ARSINEG	1	186	1	12	3	26	242571	273	B_71	48	53	86	33
ARSINEG	1	187	1	12	3	27	229993_A	205	B_233	49	56	87	31
ARSINEG	1	188	1	12	3	28	IAR/H/485	297	B_315	68	76	106	30
ARSINEG	1	189	1	12	3	29	17249	45	B_18	51	60	90	30
ARSINEG	1	190	1	12	3	30	16726_A	23	B_93	59	67	97	30
ARSINEG	1	191	1	12	3	31	236823_A	247	B_266	59	67	98	31
ARSINEG	1	192	1	12	3	32	215228_A	146	B_188	57	64	94	30
ARSINEG	1	193	1	13	3	33	219026_A	164	B_200	49	56	87	31
ARSINEG	1	194	1	13	3	34	230631_C	212	B_240	48	53	86	33
ARSINEG	1	195	1	13	3	35	Gobe	311	B_306	49	55	89	34
ARSINEG	1	196	1	13	3	36	Balemi	314	B_297	70	81	106	25
ARSINEG	1	197	1	13	3	37	242099_B	272	B_279	55	64	94	30
ARSINEG	1	198	1	13	3	38	215696_A	152	B_194	52	60	86	26
ARSINEG	1	199	1	13	3	39	HB_1965	317	B_312	57	65	90	25
ARSINEG	1	200	1	13	3	40	216954_A	157	B_198	54	60	98	38
ARSINEG	1	201	1	13	3	41	24970	82	B_28	60	67	101	34
ARSINEG	1	202	1	13	3	42	15273_A	20	B_92	53	60	89	29
ARSINEG	1	203	1	13	3	43	242070_C	266	B_275	48	56	83	27
ARSINEG	1	204	1	13	3	44	203167	119	B_34	58	66	94	28
ARSINEG	1	205	1	13	3	45	238349_B	260	B_273	58	66	96	30
ARSINEG	1	206	1	13	3	46	HB__1966	319	B_308	60	68	101	33
ARSINEG	1	207	1	13	3	47	235090_B	230	B_256	51	59	89	30
ARSINEG	1	208	1	13	3	48	HB_1307	303	B_309	60	67	101	34
ARSINEG	1	209	1	14	3	49	18330_A	63	B_116	59	66	96	30
ARSINEG	1	210	1	14	3	50	16855	33	B_12	68	76	100	24
ARSINEG	1	211	1	14	3	51	17685_A	54	B_108	67	76	101	25
ARSINEG	1	212	1	14	3	52	3545_D	10	B_85	58	67	92	25
ARSINEG	1	213	1	14	3	53	64257_B	107	B_159	50	56	83	27
ARSINEG	1	214	1	14	3	54	64172_A	102	B_154	51	60	89	29
ARSINEG	1	215	1	14	3	55	1635	2	B_1	51	60	89	29
ARSINEG	1	216	1	14	3	56	208836_D	124	B_169	57	66	99	33
ARSINEG	1	217	1	14	3	57	216008_A	154	B_196	82	91	122	31
ARSINEG	1	218	1	14	3	58	24612_B	68	B_122	46	52	83	31
ARSINEG	1	219	1	14	3	59	215474_B	151	B_193	50	57	84	27
ARSINEG	1	220	1	14	3	60	4540_A	17	B_90	48	53	78	25
ARSINEG	1	221	1	14	3	61	24956_A	78	B_132	57	65	94	29
ARSINEG	1	222	1	14	3	62	230654_B	213	B_241	49	55	89	34
ARSINEG	1	223	1	14	3	63	241788	264	B_69	55	64	93	29
ARSINEG	1	224	1	14	3	64	HB_1963	302	B_311	60	69	102	33
ARSINEG	1	225	1	15	3	65	18330_B	269	B_117	56	65	102	37
ARSINEG	1	226	1	15	3	66	208816_A	123	B_168	61	68	100	32
ARSINEG	1	227	1	15	3	67	222969_C	192	B_223	69	77	105	28
ARSINEG	1	228	1	15	3	68	243247_A	281	B_285	57	65	98	33
ARSINEG	1	229	1	15	3	69	223182_B	197	B_228	62	71	98	27
ARSINEG	1	230	1	15	3	70	Ibon174/03	318	B_316	49	55	89	34
ARSINEG	1	231	1	15	3	71	237324	252	B_64	48	53	90	37
ARSINEG	1	232	1	15	3	72	234293	222	B_53	49	55	84	29
ARSINEG	1	233	1	15	3	73	235056_A	268	B_255	53	61	92	31
ARSINEG	1	234	1	15	3	74	4118	13	B_3	60	68	101	33
ARSINEG	1	235	1	15	3	75	204802_B	122	B_167	72	83	110	27
ARSINEG	1	236	1	15	3	76	64068_B	93	B_145	62	68	98	30
ARSINEG	1	237	1	15	3	77	64068_A	92	B_144	59	67	96	29
ARSINEG	1	238	1	15	3	78	17688_A	56	B_110	59	67	98	31
ARSINEG	1	239	1	15	3	79	219026_B	165	B_201	50	55	85	30
ARSINEG	1	240	1	15	3	80	208836_E	125	B_170	62	71	104	33
ARSINEG	1	241	1	16	4	80	216935	156	B_38	68	75	105	30
ARSINEG	1	242	1	16	4	79	243567_A	291	B_293	55	64	94	30
ARSINEG	1	243	1	16	4	78	208923	133	B_37	49	55	80	25
ARSINEG	1	244	1	16	4	77	235252	234	B_56	49	54	86	32
ARSINEG	1	245	1	16	4	76	Bahati	312	B_296	55	63	98	35
ARSINEG	1	246	1	16	4	75	242578	276	B_73	46	52	84	32
ARSINEG	1	247	1	16	4	74	24988_A	87	B_140	58	67	100	33
ARSINEG	1	248	1	16	4	73	232365_A	219	B_247	55	64	94	30
ARSINEG	1	249	1	16	4	72	24985_B	84	B_137	50	57	89	32
ARSINEG	1	250	1	16	4	71	17244_A	43	B_103	56	64	95	31
ARSINEG	1	251	1	16	4	70	16858_A	34	B_99	61	70	100	30
ARSINEG	1	252	1	16	4	69	234307_A	226	B_251	59	61	101	40
ARSINEG	1	253	1	16	4	68	237021	251	B_63	48	66	89	23
ARSINEG	1	254	1	16	4	67	16753	29	B_9	51	59	89	30
ARSINEG	1	255	1	16	4	66	217001	161	B_42	51	57	86	29
ARSINEG	1	256	1	16	4	65	17689	57	B_24	46	53	81	28
ARSINEG	1	257	1	17	4	64	64003_A	89	B_141	58	66	101	35
ARSINEG	1	258	1	17	4	63	202833	117	B_33	55	61	93	32
ARSINEG	1	259	1	17	4	62	208845_A	129	B_174	50	56	88	32
ARSINEG	1	260	1	17	4	61	64334	109	B_30	48	53	82	29
ARSINEG	1	261	1	17	4	60	3545_C	9	B_84	54	60	89	29
ARSINEG	1	262	1	17	4	59	242098_B	232	B_278	51	60	91	31
ARSINEG	1	263	1	17	4	58	17148	42	B_17	58	65	100	35
ARSINEG	1	264	1	17	4	57	16819_A	32	B_98	58	66	98	32
ARSINEG	1	265	1	17	4	56	64165_B	101	B_153	54	62	91	29
ARSINEG	1	266	1	17	4	55	17685_B	55	B_109	62	69	99	30
ARSINEG	1	267	1	17	4	54	225980_B	203	B_232	53	61	93	32
ARSINEG	1	268	1	17	4	53	202526_A	111	B_162	61	68	99	31
ARSINEG	1	269	1	17	4	52	202631_A	113	B_163	51	58	86	28
ARSINEG	1	270	1	17	4	51	235551_B	243	B_264	57	66	98	32
ARSINEG	1	271	1	17	4	50	234295	223	B_54	49	55	87	32
ARSINEG	1	272	1	17	4	49	EH_1847	308	B_303	53	61	94	33
ARSINEG	1	273	1	18	4	48	242069	265	B_70	43	51	77	26
ARSINEG	1	274	1	18	4	47	1773_C	5	B_81	78	89	114	25
ARSINEG	1	275	1	18	4	46	230500_A	206	B_234	53	61	89	28
ARSINEG	1	276	1	18	4	45	223182_A	196	B_227	67	74	101	27
ARSINEG	1	277	1	18	4	44	225980_A	202	B_231	57	65	94	29
ARSINEG	1	278	1	18	4	43	242580_A	277	B_281	53	60	96	36
ARSINEG	1	279	1	18	4	42	HB_1964	310	B_307	55	64	94	30
ARSINEG	1	280	1	18	4	41	219185_B	170	B_206	53	61	89	28
ARSINEG	1	281	1	18	4	40	17251_A	46	B_105	46	53	79	26
ARSINEG	1	282	1	18	4	39	18318_B	61	B_115	68	76	105	29
ARSINEG	1	283	1	18	4	38	Dimtu	307	B_301	67	74	104	30
ARSINEG	1	284	1	18	4	37	237015	249	B_62	60	68	103	35
ARSINEG	1	285	1	18	4	36	24965_A	79	B_133	62	69	101	32
ARSINEG	1	286	1	18	4	35	64180_A	105	B_157	50	57	85	28
ARSINEG	1	287	1	18	4	34	232216	217	B_51	48	66	85	19
ARSINEG	1	288	1	18	4	33	1740_A	3	B_79	51	60	94	34
ARSINEG	1	289	1	19	4	32	235265_B	236	B_259	52	61	95	34
ARSINEG	1	290	1	19	4	31	237335_B	254	B_269	57	65	96	31
ARSINEG	1	291	1	19	4	30	64176_B	104	B_156	50	57	89	32
ARSINEG	1	292	1	19	4	29	Shege	301	B_319	66	74	104	30
ARSINEG	1	293	1	19	4	28	64026_A	90	B_142	49	64	87	23
ARSINEG	1	294	1	19	4	27	235551_C	244	B_265	54	61	90	29
ARSINEG	1	295	1	19	4	26	219178_A	167	B_203	52	59	91	32
ARSINEG	1	296	1	19	4	25	15284	22	B_7	51	57	89	32
ARSINEG	1	297	1	19	4	24	16737_B	25	B_94	58	65	94	29
ARSINEG	1	298	1	19	4	23	17146	41	B_16	56	63	93	30
ARSINEG	1	299	1	19	4	22	216993	158	B_39	55	61	97	36
ARSINEG	1	300	1	19	4	21	223926_B	200	B_230	54	60	92	32
ARSINEG	1	301	1	19	4	20	16862_A	36	B_101	67	76	102	26
ARSINEG	1	302	1	19	4	19	64233_C	106	B_158	50	57	87	30
ARSINEG	1	303	1	19	4	18	223174_A	195	B_226	69	76	101	25
ARSINEG	1	304	1	19	4	17	212959_A	139	B_183	56	64	93	29
ARSINEG	1	305	1	20	4	16	24990	88	B_29	58	66	98	32
ARSINEG	1	306	1	20	4	15	216799_A	155	B_197	53	61	90	29
ARSINEG	1	307	1	20	4	14	220345	185	B_44	54	61	89	28
ARSINEG	1	308	1	20	4	13	64336_A	110	B_161	53	58	98	40
ARSINEG	1	309	1	20	4	12	212840_A	135	B_179	60	69	97	28
ARSINEG	1	310	1	20	4	11	243566	290	B_75	46	53	84	31
ARSINEG	1	311	1	20	4	10	24617_A	69	B_123	48	53	79	26
ARSINEG	1	312	1	20	4	9	219578_B	176	B_212	51	59	92	33
ARSINEG	1	313	1	20	4	8	24987_A	85	B_138	57	63	96	33
ARSINEG	1	314	1	20	4	7	213523_A	141	B_245	54	63	92	29
ARSINEG	1	315	1	20	4	6	16867	38	B_14	50	57	84	27
ARSINEG	1	316	1	20	4	5	18382_A	66	B_121	55	63	90	27
ARSINEG	1	317	1	20	4	4	219326_B	171	B_207	50	57	84	27
ARSINEG	1	318	1	20	4	3	24641_A	76	B_130	55	62	90	28
ARSINEG	1	319	1	20	4	2	230814_B	215	B_243	56	62	90	28
ARSINEG	1	320	1	20	4	1	64134_C	97	B_149	61	68	111	43
ARSINEG	1	321	2	1	5	1	243312_B	284	B_288	69	78	101	23
ARSINEG	1	322	2	1	5	2	18294_C	267	B_112	59	64	94	30
ARSINEG	1	323	2	1	5	3	16862_A	36	B_101	70	78	104	26
ARSINEG	1	324	2	1	5	4	225980_A	202	B_231	55	64	93	29
ARSINEG	1	325	2	1	5	5	219576_D	174	B_210	51	58	85	27
ARSINEG	1	326	2	1	5	6	242070_C	266	B_275	45	52	77	25
ARSINEG	1	327	2	1	5	7	216008_A	154	B_196	79	91	124	33
ARSINEG	1	328	2	1	5	8	230631_A	211	B_239	50	58	88	30
ARSINEG	1	329	2	1	5	9	16739_D	28	B_97	59	67	94	27
ARSINEG	1	330	2	1	5	10	215698_B	153	B_195	51	59	89	30
ARSINEG	1	331	2	1	5	11	202850_B	118	B_166	51	58	87	29
ARSINEG	1	332	2	1	5	12	219026_B	165	B_201	49	57	85	28
ARSINEG	1	333	2	1	5	13	212504_A	134	B_178	55	63	92	29
ARSINEG	1	334	2	1	5	14	3514_A	7	B_82	61	68	101	33
ARSINEG	1	335	2	1	5	15	17252_C	47	B_106	52	58	89	31
ARSINEG	1	336	2	1	5	16	17257	49	B_20	46	54	81	27
ARSINEG	1	337	2	2	5	17	216799_A	155	B_197	53	60	89	29
ARSINEG	1	338	2	2	5	18	243307_A	283	B_287	44	52	76	24
ARSINEG	1	339	2	2	5	19	239519_B	262	B_274	50	57	88	31
ARSINEG	1	340	2	2	5	20	64111_B	94	B_146	69	78	104	26
ARSINEG	1	341	2	2	5	21	243273_A	282	B_286	69	80	104	24
ARSINEG	1	342	2	2	5	22	3545_D	10	B_85	57	64	92	28
ARSINEG	1	343	2	2	5	23	64116_A	95	B_147	61	68	98	30
ARSINEG	1	344	2	2	5	24	24965_A	79	B_133	63	71	97	26
ARSINEG	1	345	2	2	5	25	208923	133	B_37	43	51	77	26
ARSINEG	1	346	2	2	5	26	223926_B	200	B_230	51	58	90	32
ARSINEG	1	347	2	2	5	27	235541_A	240	B_261	56	64	93	29
ARSINEG	1	348	2	2	5	28	219576_A	173	B_209	53	58	89	31
ARSINEG	1	349	2	2	5	29	243193_A	279	B_282	51	59	93	34
ARSINEG	1	350	2	2	5	30	EH_1847	308	B_303	53	59	93	34
ARSINEG	1	351	2	2	5	31	243611	292	B_76	48	52	77	25
ARSINEG	1	352	2	2	5	32	242576_A	275	B_280	48	54	88	34
ARSINEG	1	353	2	3	5	33	208836_D	124	B_169	59	66	99	33
ARSINEG	1	354	2	3	5	34	235105_B	231	B_257	59	66	98	32
ARSINEG	1	355	2	3	5	35	HB_1307	303	B_309	60	67	101	34
ARSINEG	1	356	2	3	5	36	223168_C	194	B_225	49	58	89	31
ARSINEG	1	357	2	3	5	37	232356	218	B_52	53	62	94	32
ARSINEG	1	358	2	3	5	38	230500_A	206	B_234	52	60	92	32
ARSINEG	1	359	2	3	5	39	223168_A	193	B_224	50	58	87	29
ARSINEG	1	360	2	3	5	40	24617_A	69	B_123	48	55	80	25
ARSINEG	1	361	2	3	5	41	236823_A	247	B_266	64	72	101	29
ARSINEG	1	362	2	3	5	42	208816_A	123	B_168	63	71	103	32
ARSINEG	1	363	2	3	5	43	Bekoji_1	313	B_298	62	70	100	30
ARSINEG	1	364	2	3	5	44	219055_A	166	B_202	55	63	94	31
ARSINEG	1	365	2	3	5	45	202526_A	111	B_162	62	71	101	30
ARSINEG	1	366	2	3	5	46	16753	29	B_9	51	62	88	26
ARSINEG	1	367	2	3	5	47	215217_A	145	B_187	50	57	89	32
ARSINEG	1	368	2	3	5	48	215228_B	147	B_189	54	60	93	33
ARSINEG	1	369	2	4	5	49	208841_A	126	B_171	51	58	87	29
ARSINEG	1	370	2	4	5	50	16726_A	23	B_93	62	68	100	32
ARSINEG	1	371	2	4	5	51	235546_A	242	B_263	59	65	96	31
ARSINEG	1	372	2	4	5	52	202833	117	B_33	56	63	92	29
ARSINEG	1	373	2	4	5	53	242093_A	270	B_276	71	78	110	32
ARSINEG	1	374	2	4	5	54	216993	158	B_39	53	61	91	30
ARSINEG	1	375	2	4	5	55	Miscal_21	295	B_317	54	61	93	32
ARSINEG	1	376	2	4	5	56	18382_A	66	B_121	55	63	94	31
ARSINEG	1	377	2	4	5	57	64172_A	102	B_154	51	60	89	29
ARSINEG	1	378	2	4	5	58	208841_B	127	B_172	59	66	96	30
ARSINEG	1	379	2	4	5	59	222969_C	192	B_223	67	75	104	29
ARSINEG	1	380	2	4	5	60	HB_1965	317	B_312	53	60	88	28
ARSINEG	1	381	2	4	5	61	202717_A	116	B_165	54	61	89	28
ARSINEG	1	382	2	4	5	62	17244_B	44	B_104	50	57	89	32
ARSINEG	1	383	2	4	5	63	202560	112	B_31	48	55	88	33
ARSINEG	1	384	2	4	5	64	17651	50	B_21	50	57	88	31
ARSINEG	1	385	2	5	5	65	237015	249	B_62	63	71	101	30
ARSINEG	1	386	2	5	5	66	16881_A	39	B_102	52	60	92	32
ARSINEG	1	387	2	5	5	67	230631_C	212	B_240	49	55	88	33
ARSINEG	1	388	2	5	5	68	17146	41	B_16	60	67	96	29
ARSINEG	1	389	2	5	5	69	220654	187	B_46	57	66	96	30
ARSINEG	1	390	2	5	5	70	234293	222	B_53	46	52	80	28
ARSINEG	1	391	2	5	5	71	24955_B	77	B_131	58	67	98	31
ARSINEG	1	392	2	5	5	72	230612_B	207	B_235	50	57	88	31
ARSINEG	1	393	2	5	5	73	24636	74	B_27	53	61	90	29
ARSINEG	1	394	2	5	5	74	215432_A	149	B_191	53	61	90	29
ARSINEG	1	395	2	5	5	75	230814_B	215	B_243	56	63	93	30
ARSINEG	1	396	2	5	5	76	Derebie	309	B_300	56	64	96	32
ARSINEG	1	397	2	5	5	77	4492_D	15	B_89	66	73	103	30
ARSINEG	1	398	2	5	5	78	219578_A	175	B_211	58	66	99	33
ARSINEG	1	399	2	5	5	79	202631_A	113	B_163	52	60	87	27
ARSINEG	1	400	2	5	5	80	225249	201	B_49	68	76	107	31
ARSINEG	1	401	2	6	6	80	219584_A	180	B_215	56	64	93	29
ARSINEG	1	402	2	6	6	79	17688_A	56	B_110	61	67	96	29
ARSINEG	1	403	2	6	6	78	24641_A	76	B_130	54	63	94	31
ARSINEG	1	404	2	6	6	77	16755	30	B_10	54	60	92	32
ARSINEG	1	405	2	6	6	76	17685_A	54	B_108	68	77	105	28
ARSINEG	1	406	2	6	6	75	64176_B	104	B_156	51	58	90	32
ARSINEG	1	407	2	6	6	74	212959_B	140	B_184	56	65	94	29
ARSINEG	1	408	2	6	6	73	17661_A	52	B_107	51	59	87	28
ARSINEG	1	409	2	6	6	72	15271	19	B_5	48	58	86	28
ARSINEG	1	410	2	6	6	71	219026_A	164	B_200	51	58	89	31
ARSINEG	1	411	2	6	6	70	230629_A	210	B_238	51	58	80	22
ARSINEG	1	412	2	6	6	69	1773_C	5	B_81	76	89	114	25
ARSINEG	1	413	2	6	6	68	220347	186	B_45	53	60	92	32
ARSINEG	1	414	2	6	6	67	234307_A	226	B_251	59	67	101	34
ARSINEG	1	415	2	6	6	66	230814_A	214	B_242	56	61	94	33
ARSINEG	1	416	2	6	6	65	16805	31	B_11	57	65	98	33
ARSINEG	1	417	2	7	6	64	235056_B	229	B_254	54	63	98	35
ARSINEG	1	418	2	7	6	63	EH_1493	296	B_302	70	78	108	30
ARSINEG	1	419	2	7	6	62	3545_C	9	B_84	54	61	92	31
ARSINEG	1	420	2	7	6	61	3514_C	8	B_83	46	54	83	29
ARSINEG	1	421	2	7	6	60	1611_A	1	B_78	48	55	85	30
ARSINEG	1	422	2	7	6	59	208905_B	132	B_177	62	67	100	33
ARSINEG	1	423	2	7	6	58	217001	161	B_42	51	58	89	31
ARSINEG	1	424	2	7	6	57	243247_A	281	B_285	56	64	94	30
ARSINEG	1	425	2	7	6	56	16727	24	B_8	58	67	98	31
ARSINEG	1	426	2	7	6	55	1635	2	B_1	54	59	90	31
ARSINEG	1	427	2	7	6	54	213594_A	144	B_186	66	74	101	27
ARSINEG	1	428	2	7	6	53	IAR/H/485	297	B_315	70	78	109	31
ARSINEG	1	429	2	7	6	52	219616_A	184	B_219	61	67	100	33
ARSINEG	1	430	2	7	6	51	237335_B	254	B_269	57	64	96	32
ARSINEG	1	431	2	7	6	50	203167	119	B_34	55	63	94	31
ARSINEG	1	432	2	7	6	49	Ardu_12_60B	298	B_295	69	78	110	32
ARSINEG	1	433	2	8	6	48	24626_B	72	B_126	48	55	79	24
ARSINEG	1	434	2	8	6	47	64334	109	B_30	49	55	81	26
ARSINEG	1	435	2	8	6	46	HB__1966	319	B_308	61	68	101	33
ARSINEG	1	436	2	8	6	45	220790_D	189	B_221	64	71	99	28
ARSINEG	1	437	2	8	6	44	4540_A	17	B_90	48	53	81	28
ARSINEG	1	438	2	8	6	43	24639_B	289	B_129	81	89	111	22
ARSINEG	1	439	2	8	6	42	235116_B	233	B_258	67	74	106	32
ARSINEG	1	440	2	8	6	41	243565_A	288	B_292	57	65	105	40
ARSINEG	1	441	2	8	6	40	223182_A	196	B_227	63	71	101	30
ARSINEG	1	442	2	8	6	39	235551_C	244	B_265	59	66	94	28
ARSINEG	1	443	2	8	6	38	18327	62	B_25	50	60	88	28
ARSINEG	1	444	2	8	6	37	236819	245	B_60	61	67	99	32
ARSINEG	1	445	2	8	6	36	4051_A	11	B_86	56	63	96	33
ARSINEG	1	446	2	8	6	35	17689	57	B_24	48	53	78	25
ARSINEG	1	447	2	8	6	34	230616_A	208	B_236	50	59	93	34
ARSINEG	1	448	2	8	6	33	18302_A	59	B_113	52	63	87	24
ARSINEG	1	449	2	9	6	32	Misrach	315	B_318	55	64	96	32
ARSINEG	1	450	2	9	6	31	219578_B	176	B_212	54	63	96	33
ARSINEG	1	451	2	9	6	30	Fanaka	306	B_305	56	65	96	31
ARSINEG	1	452	2	9	6	29	223926_A	199	B_229	51	58	94	36
ARSINEG	1	453	2	9	6	28	17251_A	46	B_105	45	51	78	27
ARSINEG	1	454	2	9	6	27	24965_C	80	B_134	61	68	99	31
ARSINEG	1	455	2	9	6	26	215456_A	150	B_192	50	58	88	30
ARSINEG	1	456	2	9	6	25	243410_B	287	B_291	53	60	93	33
ARSINEG	1	457	2	9	6	24	HB_42	299	B_313	72	87	114	27
ARSINEG	1	458	2	9	6	23	17663	53	B_23	46	54	77	23
ARSINEG	1	459	2	9	6	22	237361_A	258	B_272	53	59	89	30
ARSINEG	1	460	2	9	6	21	17148	42	B_17	59	67	99	32
ARSINEG	1	461	2	9	6	20	243567_A	291	B_293	53	60	93	33
ARSINEG	1	462	2	9	6	19	15273_A	20	B_92	54	61	92	31
ARSINEG	1	463	2	9	6	18	202642	114	B_32	50	58	87	29
ARSINEG	1	464	2	9	6	17	208905_A	131	B_176	56	68	95	27
ARSINEG	1	465	2	10	6	16	4051_C	12	B_87	56	64	95	31
ARSINEG	1	466	2	10	6	15	24612_B	68	B_122	46	53	80	27
ARSINEG	1	467	2	10	6	14	Gobe	311	B_306	50	55	88	33
ARSINEG	1	468	2	10	6	13	238360	261	B_68	68	83	106	23
ARSINEG	1	469	2	10	6	12	16867	38	B_14	51	57	82	25
ARSINEG	1	470	2	10	6	11	212947_A	137	B_181	63	70	103	33
ARSINEG	1	471	2	10	6	10	242098_A	271	B_277	57	64	89	25
ARSINEG	1	472	2	10	6	9	235265_B	236	B_259	53	61	89	28
ARSINEG	1	473	2	10	6	8	Explorer	300	B_304	59	72	98	26
ARSINEG	1	474	2	10	6	7	17244_A	43	B_103	59	67	93	26
ARSINEG	1	475	2	10	6	6	219328_B	172	B_208	51	57	87	30
ARSINEG	1	476	2	10	6	5	18294_A	58	B_111	53	61	93	32
ARSINEG	1	477	2	10	6	4	219581_A	178	B_214	57	65	94	29
ARSINEG	1	478	2	10	6	3	234312_B	228	B_253	49	55	81	26
ARSINEG	1	479	2	10	6	2	221325	190	B_47	49	55	88	33
ARSINEG	1	480	2	10	6	1	235544_A	241	B_262	66	74	96	22
ARSINEG	1	481	2	11	7	1	15281	21	B_6	53	61	91	30
ARSINEG	1	482	2	11	7	2	237021	251	B_63	50	55	87	32
ARSINEG	1	483	2	11	7	3	218969_A	163	B_199	51	57	87	30
ARSINEG	1	484	2	11	7	4	237003_B	248	B_267	54	62	90	28
ARSINEG	1	485	2	11	7	5	204802_B	122	B_167	76	86	108	22
ARSINEG	1	486	2	11	7	6	219580_A	177	B_213	67	74	104	30
ARSINEG	1	487	2	11	7	7	24970	82	B_28	63	69	103	34
ARSINEG	1	488	2	11	7	8	64144_B	98	B_150	57	66	101	35
ARSINEG	1	489	2	11	7	9	208842_A	128	B_173	62	70	102	32
ARSINEG	1	490	2	11	7	10	64134_C	97	B_149	59	67	104	37
ARSINEG	1	491	2	11	7	11	18905	67	B_26	53	61	93	32
ARSINEG	1	492	2	11	7	12	213527_A	143	B_185	51	57	88	31
ARSINEG	1	493	2	11	7	13	64233_C	106	B_158	50	57	88	31
ARSINEG	1	494	2	11	7	14	230654_B	213	B_241	50	55	88	33
ARSINEG	1	495	2	11	7	15	234295	223	B_54	48	53	87	34
ARSINEG	1	496	2	11	7	16	4495	16	B_4	50	58	86	28
ARSINEG	1	497	2	12	7	17	232365_A	219	B_247	54	67	99	32
ARSINEG	1	498	2	12	7	18	24620_A	70	B_124	52	60	93	33
ARSINEG	1	499	2	12	7	19	219178_A	167	B_203	53	61	92	31
ARSINEG	1	500	2	12	7	20	233040_A	220	B_248	59	69	98	29
ARSINEG	1	501	2	12	7	21	24990	88	B_29	59	67	101	34
ARSINEG	1	502	2	12	7	22	1826	6	B_2	50	57	86	29
ARSINEG	1	503	2	12	7	23	237020_A	250	B_268	50	66	87	21
ARSINEG	1	504	2	12	7	24	242069	265	B_70	46	53	78	25
ARSINEG	1	505	2	12	7	25	238348	259	B_67	48	53	85	32
ARSINEG	1	506	2	12	7	26	242574	274	B_72	54	60	93	33
ARSINEG	1	507	2	12	7	27	230815_A	216	B_244	53	61	90	29
ARSINEG	1	508	2	12	7	28	17249	45	B_18	50	52	85	33
ARSINEG	1	509	2	12	7	29	16858_B	35	B_100	62	67	102	35
ARSINEG	1	510	2	12	7	30	24628_A	73	B_127	46	52	90	38
ARSINEG	1	511	2	12	7	31	208836_E	125	B_170	59	67	101	34
ARSINEG	1	512	2	12	7	32	208845_A	129	B_174	49	55	89	34
ARSINEG	1	513	2	13	7	33	243566	290	B_75	46	53	87	34
ARSINEG	1	514	2	13	7	34	64003_A	89	B_141	57	66	99	33
ARSINEG	1	515	2	13	7	35	15265_A	18	B_91	49	55	87	32
ARSINEG	1	516	2	13	7	36	216997	160	B_41	53	60	90	30
ARSINEG	1	517	2	13	7	37	18378_B	65	B_120	61	68	98	30
ARSINEG	1	518	2	13	7	38	16858_A	34	B_99	61	68	103	35
ARSINEG	1	519	2	13	7	39	1740_A	3	B_79	53	61	92	31
ARSINEG	1	520	2	13	7	40	235056_A	268	B_255	53	62	92	30
ARSINEG	1	521	2	13	7	41	237346_B	257	B_271	52	59	89	30
ARSINEG	1	522	2	13	7	42	238349_B	260	B_273	56	65	96	31
ARSINEG	1	523	2	13	7	43	Shege	301	B_319	69	77	107	30
ARSINEG	1	524	2	13	7	44	215228_A	146	B_188	53	60	92	32
ARSINEG	1	525	2	13	7	45	24987_B	86	B_139	60	66	90	24
ARSINEG	1	526	2	13	7	46	16866	37	B_13	61	66	100	34
ARSINEG	1	527	2	13	7	47	234300	224	B_55	48	54	87	33
ARSINEG	1	528	2	13	7	48	235262	235	B_57	48	54	87	33
ARSINEG	1	529	2	14	7	49	18318_B	61	B_115	73	83	138	55
ARSINEG	1	530	2	14	7	50	242582	278	B_74	50	55	83	28
ARSINEG	1	531	2	14	7	51	236821	246	B_61	52	59	89	30
ARSINEG	1	532	2	14	7	52	64165_A	100	B_152	53	60	90	30
ARSINEG	1	533	2	14	7	53	219326_B	171	B_207	50	58	88	30
ARSINEG	1	534	2	14	7	54	212959_A	139	B_183	56	63	94	31
ARSINEG	1	535	2	14	7	55	202676_A	115	B_164	53	60	89	29
ARSINEG	1	536	2	14	7	56	216994	159	B_40	56	65	96	31
ARSINEG	1	537	2	14	7	57	64068_B	93	B_145	61	69	98	29
ARSINEG	1	538	2	14	7	58	235551_B	243	B_264	59	65	98	33
ARSINEG	1	539	2	14	7	59	HB_1533	320	B_310	53	60	92	32
ARSINEG	1	540	2	14	7	60	HB_1963	302	B_311	60	67	101	34
ARSINEG	1	541	2	14	7	61	4492_A	14	B_88	62	67	100	33
ARSINEG	1	542	2	14	7	62	17145	40	B_15	51	58	90	32
ARSINEG	1	543	2	14	7	63	Balemi	314	B_297	69	76	105	29
ARSINEG	1	544	2	14	7	64	16739_B	27	B_96	58	67	98	31
ARSINEG	1	545	2	15	7	65	229993_A	205	B_233	50	56	90	34
ARSINEG	1	546	2	15	7	66	242099_B	272	B_279	55	64	99	35
ARSINEG	1	547	2	15	7	67	235284	238	B_59	48	53	87	34
ARSINEG	1	548	2	15	7	68	24622_B	71	B_125	52	57	86	29
ARSINEG	1	549	2	15	7	69	213523_A	141	B_245	58	66	96	30
ARSINEG	1	550	2	15	7	70	223174_A	195	B_226	72	82	107	25
ARSINEG	1	551	2	15	7	71	237339	255	B_66	50	58	90	32
ARSINEG	1	552	2	15	7	72	18330_B	269	B_117	60	67	98	31
ARSINEG	1	553	2	15	7	73	219185_A	169	B_205	57	65	93	28
ARSINEG	1	554	2	15	7	74	24956_A	78	B_132	58	66	98	32
ARSINEG	1	555	2	15	7	75	HB_1964	310	B_307	58	66	98	32
ARSINEG	1	556	2	15	7	76	Bahati	312	B_296	59	67	98	31
ARSINEG	1	557	2	15	7	77	219611_A	181	B_216	67	75	104	29
ARSINEG	1	558	2	15	7	78	225980_B	203	B_232	58	65	93	28
ARSINEG	1	559	2	15	7	79	17658	51	B_22	49	55	84	29
ARSINEG	1	560	2	15	7	80	243209_A	263	B_284	62	70	101	31
ARSINEG	1	561	2	16	8	80	Holker	316	B_314	59	67	99	32
ARSINEG	1	562	2	16	8	79	235252	234	B_56	49	54	86	32
ARSINEG	1	563	2	16	8	78	16737_B	25	B_94	57	66	99	33
ARSINEG	1	564	2	16	8	77	64333_B	108	B_160	50	55	78	23
ARSINEG	1	565	2	16	8	76	18356_A	64	B_119	57	65	96	31
ARSINEG	1	566	2	16	8	75	Ibon174/03	318	B_316	50	58	92	34
ARSINEG	1	567	2	16	8	74	230619_B	209	B_237	45	54	88	34
ARSINEG	1	568	2	16	8	73	16819_A	32	B_98	61	67	99	32
ARSINEG	1	569	2	16	8	72	215244_A	148	B_190	62	71	103	32
ARSINEG	1	570	2	16	8	71	241788	264	B_69	57	66	94	28
ARSINEG	1	571	2	16	8	70	237346_A	256	B_270	49	56	87	31
ARSINEG	1	572	2	16	8	69	233040_B	221	B_249	63	71	99	28
ARSINEG	1	573	2	16	8	68	220743_A	188	B_220	59	67	98	31
ARSINEG	1	574	2	16	8	67	Dimtu	307	B_301	66	74	104	30
ARSINEG	1	575	2	16	8	66	208903_A	130	B_175	46	52	80	28
ARSINEG	1	576	2	16	8	65	24639_A	75	B_128	77	90	118	28
ARSINEG	1	577	2	17	8	64	Travller	304	B_320	65	72	101	29
ARSINEG	1	578	2	17	8	63	213523_B	142	B_246	53	60	89	29
ARSINEG	1	579	2	17	8	62	234308_A	227	B_252	51	60	92	32
ARSINEG	1	580	2	17	8	61	212840_A	135	B_179	60	68	102	34
ARSINEG	1	581	2	17	8	60	242571	273	B_71	49	54	96	42
ARSINEG	1	582	2	17	8	59	222969_A	191	B_222	63	72	99	27
ARSINEG	1	583	2	17	8	58	242578	276	B_73	49	57	87	30
ARSINEG	1	584	2	17	8	57	4118	13	B_3	62	67	100	33
ARSINEG	1	585	2	17	8	56	223191	198	B_48	48	54	86	32
ARSINEG	1	586	2	17	8	55	64165_B	101	B_153	53	61	89	28
ARSINEG	1	587	2	17	8	54	219612_A	182	B_217	54	72	101	29
ARSINEG	1	588	2	17	8	53	64134_A	96	B_148	57	65	96	31
ARSINEG	1	589	2	17	8	52	232216	217	B_51	50	57	88	31
ARSINEG	1	590	2	17	8	51	234302_A	225	B_250	52	60	88	28
ARSINEG	1	591	2	17	8	50	18330_A	63	B_116	59	67	96	29
ARSINEG	1	592	2	17	8	49	243614	293	B_77	46	54	81	27
ARSINEG	1	593	2	18	8	48	Cross_41/98	305	B_299	68	78	106	28
ARSINEG	1	594	2	18	8	47	219612_B	183	B_218	66	74	106	32
ARSINEG	1	595	2	18	8	46	64180_A	105	B_157	51	57	89	32
ARSINEG	1	596	2	18	8	45	235267	237	B_58	48	55	83	28
ARSINEG	1	597	2	18	8	44	237324	252	B_64	49	55	86	31
ARSINEG	1	598	2	18	8	43	204686	121	B_36	56	65	93	28
ARSINEG	1	599	2	18	8	42	1773_B	4	B_80	72	79	105	26
ARSINEG	1	600	2	18	8	41	24987_A	85	B_138	57	65	97	32
ARSINEG	1	601	2	18	8	40	204677	120	B_35	57	63	93	30
ARSINEG	1	602	2	18	8	39	235525_A	239	B_260	57	66	96	30
ARSINEG	1	603	2	18	8	38	15284	22	B_7	54	60	92	32
ARSINEG	1	604	2	18	8	37	216954_A	157	B_198	56	65	101	36
ARSINEG	1	605	2	18	8	36	212840_B	136	B_180	58	66	104	38
ARSINEG	1	606	2	18	8	35	18304_C	60	B_114	50	58	89	31
ARSINEG	1	607	2	18	8	34	215474_B	151	B_193	49	55	86	31
ARSINEG	1	608	2	18	8	33	24988_A	87	B_140	61	67	101	34
ARSINEG	1	609	2	19	8	32	242580_A	277	B_281	54	61	101	40
ARSINEG	1	610	2	19	8	31	64026_A	90	B_142	50	60	89	29
ARSINEG	1	611	2	19	8	30	223182_B	197	B_228	65	72	101	29
ARSINEG	1	612	2	19	8	29	64144_C	99	B_151	59	67	103	36
ARSINEG	1	613	2	19	8	28	24974_A	83	B_136	49	55	87	32
ARSINEG	1	614	2	19	8	27	235090_B	230	B_256	51	60	89	29
ARSINEG	1	615	2	19	8	26	17685_B	55	B_109	65	72	101	29
ARSINEG	1	616	2	19	8	25	64065_C	91	B_143	60	67	98	31
ARSINEG	1	617	2	19	8	24	243203_A	280	B_283	58	66	101	35
ARSINEG	1	618	2	19	8	23	212947_D	138	B_182	58	67	96	29
ARSINEG	1	619	2	19	8	22	64257_B	107	B_159	51	57	87	30
ARSINEG	1	620	2	19	8	21	16737_E	26	B_95	60	67	98	31
ARSINEG	1	621	2	19	8	20	237329	253	B_65	58	60	94	34
ARSINEG	1	622	2	19	8	19	24985_B	84	B_137	50	57	90	33
ARSINEG	1	623	2	19	8	18	243410_A	286	B_290	55	63	94	31
ARSINEG	1	624	2	19	8	17	64336_A	110	B_161	48	54	89	35
ARSINEG	1	625	2	20	8	16	24967_C	81	B_135	66	67	99	32
ARSINEG	1	626	2	20	8	15	242098_B	232	B_278	54	61	93	32
ARSINEG	1	627	2	20	8	14	17254	48	B_19	50	52	78	26
ARSINEG	1	628	2	20	8	13	216935	156	B_38	69	76	107	31
ARSINEG	1	629	2	20	8	12	215696_A	152	B_194	50	57	89	32
ARSINEG	1	630	2	20	8	11	217176	162	B_43	50	57	89	32
ARSINEG	1	631	2	20	8	10	16855	33	B_12	67	75	101	26
ARSINEG	1	632	2	20	8	9	219185_B	170	B_206	54	61	92	31
ARSINEG	1	633	2	20	8	8	243407_A	285	B_289	54	64	96	32
ARSINEG	1	634	2	20	8	7	220345	185	B_44	53	59	90	31
ARSINEG	1	635	2	20	8	6	229796	204	B_50	64	72	99	27
ARSINEG	1	636	2	20	8	5	64068_A	92	B_144	61	67	96	29
ARSINEG	1	637	2	20	8	4	64172_B	103	B_155	52	59	89	30
ARSINEG	1	638	2	20	8	3	219178_B	168	B_204	52	59	91	32
ARSINEG	1	639	2	20	8	2	A_hore_880/61	294	B_294	69	77	104	27
ARSINEG	1	640	2	20	8	1	18330_D	179	B_118	59	67	98	31
HOLLETA	1	1	1	1	1	1	218969_A	163	B_199	66	72	111	39
HOLLETA	1	2	1	1	1	2	4492_A	14	B_88	71	88	123	35
HOLLETA	1	3	1	1	1	3	230815_A	216	B_244	65	75	110	35
HOLLETA	1	4	1	1	1	4	4051_C	12	B_87	67	78	109	31
HOLLETA	1	5	1	1	1	5	230616_A	208	B_236	60	68	109	41
HOLLETA	1	6	1	1	1	6	225249	201	B_49	73	89	139	50
HOLLETA	1	7	1	1	1	7	18378_B	65	B_120	70	82	122	40
HOLLETA	1	8	1	1	1	8	243614	293	B_77	57	61	101	40
HOLLETA	1	9	1	1	1	9	230631_A	211	B_239	56	62	111	49
HOLLETA	1	10	1	1	1	10	215217_A	145	B_187	57	64	112	48
HOLLETA	1	11	1	1	1	11	242576_A	275	B_280	51	58	109	51
HOLLETA	1	12	1	1	1	12	235267	237	B_58	50	57	108	51
HOLLETA	1	13	1	1	1	13	237339	255	B_66	59	66	110	44
HOLLETA	1	14	1	1	1	14	243407_A	285	B_289	60	66	118	52
HOLLETA	1	15	1	1	1	15	17651	50	B_21	57	62	102	40
HOLLETA	1	16	1	1	1	16	EH_1493	296	B_302	69	86	123	37
HOLLETA	1	17	1	2	1	17	243410_B	287	B_291	67	74	107	33
HOLLETA	1	18	1	2	1	18	16805	31	B_11	67	81	117	36
HOLLETA	1	19	1	2	1	19	235544_A	241	B_262	69	85	118	33
HOLLETA	1	20	1	2	1	20	219576_D	174	B_210	62	70	105	35
HOLLETA	1	21	1	2	1	21	233040_A	220	B_248	71	90	124	34
HOLLETA	1	22	1	2	1	22	202560	112	B_31	58	66	101	35
HOLLETA	1	23	1	2	1	23	24987_B	86	B_139	69	83	123	40
HOLLETA	1	24	1	2	1	24	215228_B	147	B_189	67	75	136	61
HOLLETA	1	25	1	2	1	25	235116_B	233	B_258	70	85	115	30
HOLLETA	1	26	1	2	1	26	213594_A	144	B_186	69	85	121	36
HOLLETA	1	27	1	2	1	27	17254	48	B_19	47	54	93	39
HOLLETA	1	28	1	2	1	28	243611	292	B_76	49	56	96	40
HOLLETA	1	29	1	2	1	29	219611_A	181	B_216	72	89	120	31
HOLLETA	1	30	1	2	1	30	233040_B	221	B_249	71	89	122	33
HOLLETA	1	31	1	2	1	31	242582	278	B_74	58	64	110	46
HOLLETA	1	32	1	2	1	32	64144_C	99	B_151	68	84	126	42
HOLLETA	1	33	1	3	1	33	16739_D	28	B_97	68	81	119	38
HOLLETA	1	34	1	3	1	34	221325	190	B_47	61	66	109	43
HOLLETA	1	35	1	3	1	35	219055_A	166	B_202	66	74	111	37
HOLLETA	1	36	1	3	1	36	237361_A	258	B_272	67	76	110	34
HOLLETA	1	37	1	3	1	37	4495	16	B_4	56	62	97	35
HOLLETA	1	38	1	3	1	38	4051_A	11	B_86	66	72	111	39
HOLLETA	1	39	1	3	1	39	220347	186	B_45	65	69	106	37
HOLLETA	1	40	1	3	1	40	1611_A	1	B_78	53	60	101	41
HOLLETA	1	41	1	3	1	41	235284	238	B_59	54	62	98	36
HOLLETA	1	42	1	3	1	42	243273_A	282	B_286	71	80	129	49
HOLLETA	1	43	1	3	1	43	17244_B	44	B_104	63	68	112	44
HOLLETA	1	44	1	3	1	44	1773_B	4	B_80	75	89	128	39
HOLLETA	1	45	1	3	1	45	18330_D	179	B_118	67	77	118	41
HOLLETA	1	46	1	3	1	46	1826	6	B_2	61	67	111	44
HOLLETA	1	47	1	3	1	47	Holker	316	B_314	68	84	123	39
HOLLETA	1	48	1	3	1	48	4492_D	15	B_89	71	83	121	38
HOLLETA	1	49	1	4	1	49	208841_B	127	B_172	68	81	123	42
HOLLETA	1	50	1	4	1	50	234312_B	228	B_253	58	66	103	37
HOLLETA	1	51	1	4	1	51	24639_A	75	B_128	75	95	120	25
HOLLETA	1	52	1	4	1	52	223168_A	193	B_224	59	66	106	40
HOLLETA	1	53	1	4	1	53	237329	253	B_65	62	71	110	39
HOLLETA	1	54	1	4	1	54	223191	198	B_48	57	62	101	39
HOLLETA	1	55	1	4	1	55	64111_B	94	B_146	73	88	126	38
HOLLETA	1	56	1	4	1	56	243209_A	263	B_284	69	81	120	39
HOLLETA	1	57	1	4	1	57	16866	37	B_13	71	81	117	36
HOLLETA	1	58	1	4	1	58	Cross_41/98	305	B_299	70	87	122	35
HOLLETA	1	59	1	4	1	59	230612_B	207	B_235	60	66	106	40
HOLLETA	1	60	1	4	1	60	235056_B	229	B_254	65	73	109	36
HOLLETA	1	61	1	4	1	61	24639_B	289	B_129	75	96	127	31
HOLLETA	1	62	1	4	1	62	202850_B	118	B_166	62	71	109	38
HOLLETA	1	63	1	4	1	63	230629_A	210	B_238	59	66	111	45
HOLLETA	1	64	1	4	1	64	202642	114	B_32	61	68	107	39
HOLLETA	1	65	1	5	1	65	24622_B	71	B_125	48	58	98	40
HOLLETA	1	66	1	5	1	66	17257	49	B_20	48	58	108	50
HOLLETA	1	67	1	5	1	67	15281	21	B_6	65	73	112	39
HOLLETA	1	68	1	5	1	68	Derebie	309	B_300	63	74	116	42
HOLLETA	1	69	1	5	1	69	243193_A	279	B_282	60	66	113	47
HOLLETA	1	70	1	5	1	70	16755	30	B_10	61	71	111	40
HOLLETA	1	71	1	5	1	71	215244_A	148	B_190	66	80	119	39
HOLLETA	1	72	1	5	1	72	16858_B	35	B_100	70	83	120	37
HOLLETA	1	73	1	5	1	73	208905_B	132	B_177	70	83	121	38
HOLLETA	1	74	1	5	1	74	18327	62	B_25	59	66	107	41
HOLLETA	1	75	1	5	1	75	215456_A	150	B_192	61	69	117	48
HOLLETA	1	76	1	5	1	76	216994	159	B_40	63	74	119	45
HOLLETA	1	77	1	5	1	77	219581_A	178	B_214	65	75	119	44
HOLLETA	1	78	1	5	1	78	223168_C	194	B_225	59	66	112	46
HOLLETA	1	79	1	5	1	79	16737_E	26	B_95	74	83	130	47
HOLLETA	1	80	1	5	1	80	219612_A	182	B_217	71	87	123	36
HOLLETA	1	81	1	6	2	80	208842_A	128	B_173	69	77	119	42
HOLLETA	1	82	1	6	2	79	A_hore_880/61	294	B_294	70	83	130	47
HOLLETA	1	83	1	6	2	78	Explorer	300	B_304	65	80	125	45
HOLLETA	1	84	1	6	2	77	212840_B	136	B_180	62	76	117	41
HOLLETA	1	85	1	6	2	76	243410_A	286	B_290	64	78	112	34
HOLLETA	1	86	1	6	2	75	222969_A	191	B_222	69	81	119	38
HOLLETA	1	87	1	6	2	74	220743_A	188	B_220	65	79	115	36
HOLLETA	1	88	1	6	2	73	15265_A	18	B_91	48	56	107	51
HOLLETA	1	89	1	6	2	72	202717_A	116	B_165	65	73	111	38
HOLLETA	1	90	1	6	2	71	Fanaka	306	B_305	66	80	126	46
HOLLETA	1	91	1	6	2	70	220654	187	B_46	68	81	117	36
HOLLETA	1	92	1	6	2	69	18302_A	59	B_113	57	62	102	40
HOLLETA	1	93	1	6	2	68	242574	274	B_72	62	76	116	40
HOLLETA	1	94	1	6	2	67	3514_A	7	B_82	69	80	128	48
HOLLETA	1	95	1	6	2	66	17658	51	B_22	53	60	101	41
HOLLETA	1	96	1	6	2	65	HB_1533	320	B_310	64	74	114	40
HOLLETA	1	97	1	7	2	64	237346_B	257	B_271	62	74	112	38
HOLLETA	1	98	1	7	2	63	212959_B	140	B_184	66	76	113	37
HOLLETA	1	99	1	7	2	62	219612_B	183	B_218	69	81	118	37
HOLLETA	1	100	1	7	2	61	208903_A	130	B_175	54	62	100	38
HOLLETA	1	101	1	7	2	60	239519_B	262	B_274	60	66	109	43
HOLLETA	1	102	1	7	2	59	64165_A	100	B_152	64	75	116	41
HOLLETA	1	103	1	7	2	58	24965_C	80	B_134	71	85	121	36
HOLLETA	1	104	1	7	2	57	243312_B	284	B_288	71	94	126	32
HOLLETA	1	105	1	7	2	56	24955_B	77	B_131	69	83	117	34
HOLLETA	1	106	1	7	2	55	229796	204	B_50	68	83	115	32
HOLLETA	1	107	1	7	2	54	64144_B	98	B_150	65	79	123	44
HOLLETA	1	108	1	7	2	53	208841_A	126	B_171	61	67	112	45
HOLLETA	1	109	1	7	2	52	219185_A	169	B_205	65	74	111	37
HOLLETA	1	110	1	7	2	51	64134_A	96	B_148	66	77	118	41
HOLLETA	1	111	1	7	2	50	Ardu_12_60B	298	B_295	74	89	127	38
HOLLETA	1	112	1	7	2	49	212947_A	137	B_181	73	88	126	38
HOLLETA	1	113	1	8	2	48	235105_B	231	B_257	66	78	119	41
HOLLETA	1	114	1	8	2	47	16881_A	39	B_102	66	72	110	38
HOLLETA	1	115	1	8	2	46	219178_B	168	B_204	61	71	109	38
HOLLETA	1	116	1	8	2	45	219580_A	177	B_213	68	82	123	41
HOLLETA	1	117	1	8	2	44	219328_B	172	B_208	60	67	111	44
HOLLETA	1	118	1	8	2	43	16727	24	B_8	71	79	123	44
HOLLETA	1	119	1	8	2	42	213523_B	142	B_246	65	73	106	33
HOLLETA	1	120	1	8	2	41	204677	120	B_35	68	78	116	38
HOLLETA	1	121	1	8	2	40	235262	235	B_57	55	64	100	36
HOLLETA	1	122	1	8	2	39	223926_A	199	B_229	64	72	115	43
HOLLETA	1	123	1	8	2	38	18356_A	64	B_119	67	75	113	38
HOLLETA	1	124	1	8	2	37	215698_B	153	B_195	65	71	110	39
HOLLETA	1	125	1	8	2	36	17145	40	B_15	60	67	110	43
HOLLETA	1	126	1	8	2	35	24974_A	83	B_136	61	66	109	43
HOLLETA	1	127	1	8	2	34	219576_A	173	B_209	62	71	110	39
HOLLETA	1	128	1	8	2	33	238348	259	B_67	59	65	110	45
HOLLETA	1	129	1	9	2	32	237020_A	250	B_268	60	69	112	43
HOLLETA	1	130	1	9	2	31	Bekoji_1	313	B_298	71	83	125	42
HOLLETA	1	131	1	9	2	30	24626_B	72	B_126	59	65	109	44
HOLLETA	1	132	1	9	2	29	202676_A	115	B_164	64	73	113	40
HOLLETA	1	133	1	9	2	28	235546_A	242	B_263	67	83	123	40
HOLLETA	1	134	1	9	2	27	219616_A	184	B_219	70	83	119	36
HOLLETA	1	135	1	9	2	26	HB_42	299	B_313	75	94	129	35
HOLLETA	1	136	1	9	2	25	237346_A	256	B_270	59	65	110	45
HOLLETA	1	137	1	9	2	24	243307_A	283	B_287	47	56	99	43
HOLLETA	1	138	1	9	2	23	234302_A	225	B_250	65	70	110	40
HOLLETA	1	139	1	9	2	22	64065_C	91	B_143	73	86	122	36
HOLLETA	1	140	1	9	2	21	15271	19	B_5	59	68	98	30
HOLLETA	1	141	1	9	2	20	217176	162	B_43	62	68	109	41
HOLLETA	1	142	1	9	2	19	18304_C	60	B_114	61	66	107	41
HOLLETA	1	143	1	9	2	18	18294_A	58	B_111	66	74	111	37
HOLLETA	1	144	1	9	2	17	215432_A	149	B_191	66	75	111	36
HOLLETA	1	145	1	10	2	16	212504_A	134	B_178	67	79	116	37
HOLLETA	1	146	1	10	2	15	64116_A	95	B_147	72	83	125	42
HOLLETA	1	147	1	10	2	14	234308_A	227	B_252	61	73	113	40
HOLLETA	1	148	1	10	2	13	242093_A	270	B_276	76	89	126	37
HOLLETA	1	149	1	10	2	12	24628_A	73	B_127	59	64	102	38
HOLLETA	1	150	1	10	2	11	17661_A	52	B_107	61	67	108	41
HOLLETA	1	151	1	10	2	10	234300	224	B_55	59	65	109	44
HOLLETA	1	152	1	10	2	9	219578_A	175	B_211	66	79	116	37
HOLLETA	1	153	1	10	2	8	230619_B	209	B_237	58	65	109	44
HOLLETA	1	154	1	10	2	7	237003_B	248	B_267	62	72	111	39
HOLLETA	1	155	1	10	2	6	236819	245	B_60	71	81	116	35
HOLLETA	1	156	1	10	2	5	232356	218	B_52	68	78	115	37
HOLLETA	1	157	1	10	2	4	243203_A	280	B_283	67	80	113	33
HOLLETA	1	158	1	10	2	3	17663	53	B_23	52	60	101	41
HOLLETA	1	159	1	10	2	2	242098_A	271	B_277	65	74	114	40
HOLLETA	1	160	1	10	2	1	64172_B	103	B_155	66	74	114	40
HOLLETA	1	161	1	11	3	1	24620_A	70	B_124	65	72	112	40
HOLLETA	1	162	1	11	3	2	208905_A	131	B_176	71	83	123	40
HOLLETA	1	163	1	11	3	3	212947_D	138	B_182	69	79	119	40
HOLLETA	1	164	1	11	3	4	236821	246	B_61	66	76	113	37
HOLLETA	1	165	1	11	3	5	24967_C	81	B_135	71	80	125	45
HOLLETA	1	166	1	11	3	6	219584_A	180	B_215	65	75	114	39
HOLLETA	1	167	1	11	3	7	220790_D	189	B_221	73	86	123	37
HOLLETA	1	168	1	11	3	8	18905	67	B_26	69	80	113	33
HOLLETA	1	169	1	11	3	9	24636	74	B_27	65	74	116	42
HOLLETA	1	170	1	11	3	10	204686	121	B_36	67	78	115	37
HOLLETA	1	171	1	11	3	11	18294_C	267	B_112	68	77	112	35
HOLLETA	1	172	1	11	3	12	3514_C	8	B_83	59	64	102	38
HOLLETA	1	173	1	11	3	13	Miscal_21	295	B_317	67	74	120	46
HOLLETA	1	174	1	11	3	14	216997	160	B_41	67	75	115	40
HOLLETA	1	175	1	11	3	15	Travller	304	B_320	71	87	127	40
HOLLETA	1	176	1	11	3	16	235541_A	240	B_261	72	83	125	42
HOLLETA	1	177	1	12	3	17	17252_C	47	B_106	65	72	110	38
HOLLETA	1	178	1	12	3	18	243565_A	288	B_292	66	72	111	39
HOLLETA	1	179	1	12	3	19	Misrach	315	B_318	67	74	112	38
HOLLETA	1	180	1	12	3	20	235525_A	239	B_260	70	83	121	38
HOLLETA	1	181	1	12	3	21	16739_B	27	B_96	70	82	120	38
HOLLETA	1	182	1	12	3	22	238360	261	B_68	71	89	123	34
HOLLETA	1	183	1	12	3	23	213527_A	143	B_185	70	77	112	35
HOLLETA	1	184	1	12	3	24	64333_B	108	B_160	59	64	110	46
HOLLETA	1	185	1	12	3	25	230814_A	214	B_242	65	71	110	39
HOLLETA	1	186	1	12	3	26	242571	273	B_71	53	62	101	39
HOLLETA	1	187	1	12	3	27	229993_A	205	B_233	60	66	104	38
HOLLETA	1	188	1	12	3	28	IAR/H/485	297	B_315	74	89	129	40
HOLLETA	1	189	1	12	3	29	17249	45	B_18	47	56	97	41
HOLLETA	1	190	1	12	3	30	16726_A	23	B_93	72	86	126	40
HOLLETA	1	191	1	12	3	31	236823_A	247	B_266	70	83	125	42
HOLLETA	1	192	1	12	3	32	215228_A	146	B_188	66	72	112	40
HOLLETA	1	193	1	13	3	33	219026_A	164	B_200	61	68	103	35
HOLLETA	1	194	1	13	3	34	230631_C	212	B_240	53	61	101	40
HOLLETA	1	195	1	13	3	35	Gobe	311	B_306	60	66	104	38
HOLLETA	1	196	1	13	3	36	Balemi	314	B_297	74	89	124	35
HOLLETA	1	197	1	13	3	37	242099_B	272	B_279	66	75	113	38
HOLLETA	1	198	1	13	3	38	215696_A	152	B_194	61	66	110	44
HOLLETA	1	199	1	13	3	39	HB_1965	317	B_312	67	73	112	39
HOLLETA	1	200	1	13	3	40	216954_A	157	B_198	67	78	124	46
HOLLETA	1	201	1	13	3	41	24970	82	B_28	68	79	125	46
HOLLETA	1	202	1	13	3	42	15273_A	20	B_92	65	72	115	43
HOLLETA	1	203	1	13	3	43	242070_C	266	B_275	47	55	98	43
HOLLETA	1	204	1	13	3	44	203167	119	B_34	66	74	112	38
HOLLETA	1	205	1	13	3	45	238349_B	260	B_273	67	76	115	39
HOLLETA	1	206	1	13	3	46	HB__1966	319	B_308	68	74	126	52
HOLLETA	1	207	1	13	3	47	235090_B	230	B_256	63	70	111	41
HOLLETA	1	208	1	13	3	48	HB_1307	303	B_309	68	78	125	47
HOLLETA	1	209	1	14	3	49	18330_A	63	B_116	66	75	119	44
HOLLETA	1	210	1	14	3	50	16855	33	B_12	66	83	121	38
HOLLETA	1	211	1	14	3	51	17685_A	54	B_108	72	83	120	37
HOLLETA	1	212	1	14	3	52	3545_D	10	B_85	65	74	112	38
HOLLETA	1	213	1	14	3	53	64257_B	107	B_159	61	68	106	38
HOLLETA	1	214	1	14	3	54	64172_A	102	B_154	62	71	111	40
HOLLETA	1	215	1	14	3	55	1635	2	B_1	61	70	109	39
HOLLETA	1	216	1	14	3	56	208836_D	124	B_169	70	80	124	44
HOLLETA	1	217	1	14	3	57	216008_A	154	B_196	73	99	136	37
HOLLETA	1	218	1	14	3	58	24612_B	68	B_122	47	56	99	43
HOLLETA	1	219	1	14	3	59	215474_B	151	B_193	55	63	104	41
HOLLETA	1	220	1	14	3	60	4540_A	17	B_90	53	62	101	39
HOLLETA	1	221	1	14	3	61	24956_A	78	B_132	67	81	119	38
HOLLETA	1	222	1	14	3	62	230654_B	213	B_241	57	64	105	41
HOLLETA	1	223	1	14	3	63	241788	264	B_69	67	76	118	42
HOLLETA	1	224	1	14	3	64	HB_1963	302	B_311	69	80	122	42
HOLLETA	1	225	1	15	3	65	18330_B	269	B_117	66	76	121	45
HOLLETA	1	226	1	15	3	66	208816_A	123	B_168	70	82	122	40
HOLLETA	1	227	1	15	3	67	222969_C	192	B_223	73	89	124	35
HOLLETA	1	228	1	15	3	68	243247_A	281	B_285	67	75	115	40
HOLLETA	1	229	1	15	3	69	223182_B	197	B_228	69	83	117	34
HOLLETA	1	230	1	15	3	70	Ibon174/03	318	B_316	58	65	119	54
HOLLETA	1	231	1	15	3	71	237324	252	B_64	57	62	104	42
HOLLETA	1	232	1	15	3	72	234293	222	B_53	52	60	104	44
HOLLETA	1	233	1	15	3	73	235056_A	268	B_255	66	74	113	39
HOLLETA	1	234	1	15	3	74	4118	13	B_3	68	81	113	32
HOLLETA	1	235	1	15	3	75	204802_B	122	B_167	74	91	125	34
HOLLETA	1	236	1	15	3	76	64068_B	93	B_145	69	80	119	39
HOLLETA	1	237	1	15	3	77	64068_A	92	B_144	67	81	118	37
HOLLETA	1	238	1	15	3	78	17688_A	56	B_110	69	81	117	36
HOLLETA	1	239	1	15	3	79	219026_B	165	B_201	60	66	109	43
HOLLETA	1	240	1	15	3	80	208836_E	125	B_170	60	82	121	39
HOLLETA	1	241	1	16	4	80	216935	156	B_38	71	86	125	39
HOLLETA	1	242	1	16	4	79	243567_A	291	B_293	66	70	107	37
HOLLETA	1	243	1	16	4	78	208923	133	B_37	57	63	114	51
HOLLETA	1	244	1	16	4	77	235252	234	B_56	55	62	101	39
HOLLETA	1	245	1	16	4	76	Bahati	312	B_296	63	73	117	44
HOLLETA	1	246	1	16	4	75	242578	276	B_73	52	63	112	49
HOLLETA	1	247	1	16	4	74	24988_A	87	B_140	69	83	124	41
HOLLETA	1	248	1	16	4	73	232365_A	219	B_247	68	75	110	35
HOLLETA	1	249	1	16	4	72	24985_B	84	B_137	61	67	105	38
HOLLETA	1	250	1	16	4	71	17244_A	43	B_103	68	79	123	44
HOLLETA	1	251	1	16	4	70	16858_A	34	B_99	70	83	123	40
HOLLETA	1	252	1	16	4	69	234307_A	226	B_251	68	78	113	35
HOLLETA	1	253	1	16	4	68	237021	251	B_63	59	66	101	35
HOLLETA	1	254	1	16	4	67	16753	29	B_9	59	66	104	38
HOLLETA	1	255	1	16	4	66	217001	161	B_42	58	65	110	45
HOLLETA	1	256	1	16	4	65	17689	57	B_24	54	62	105	43
HOLLETA	1	257	1	17	4	64	64003_A	89	B_141	66	75	120	45
HOLLETA	1	258	1	17	4	63	202833	117	B_33	67	75	111	36
HOLLETA	1	259	1	17	4	62	208845_A	129	B_174	59	64	104	40
HOLLETA	1	260	1	17	4	61	64334	109	B_30	57	62	104	42
HOLLETA	1	261	1	17	4	60	3545_C	9	B_84	62	69	109	40
HOLLETA	1	262	1	17	4	59	242098_B	232	B_278	62	70	111	41
HOLLETA	1	263	1	17	4	58	17148	42	B_17	68	78	125	47
HOLLETA	1	264	1	17	4	57	16819_A	32	B_98	70	83	123	40
HOLLETA	1	265	1	17	4	56	64165_B	101	B_153	66	79	116	37
HOLLETA	1	266	1	17	4	55	17685_B	55	B_109	72	84	117	33
HOLLETA	1	267	1	17	4	54	225980_B	203	B_232	66	71	107	36
HOLLETA	1	268	1	17	4	53	202526_A	111	B_162	74	83	123	40
HOLLETA	1	269	1	17	4	52	202631_A	113	B_163	61	68	103	35
HOLLETA	1	270	1	17	4	51	235551_B	243	B_264	71	83	126	43
HOLLETA	1	271	1	17	4	50	234295	223	B_54	52	59	105	46
HOLLETA	1	272	1	17	4	49	EH_1847	308	B_303	66	73	116	43
HOLLETA	1	273	1	18	4	48	242069	265	B_70	47	56	98	42
HOLLETA	1	274	1	18	4	47	1773_C	5	B_81	75	81	136	55
HOLLETA	1	275	1	18	4	46	230500_A	206	B_234	65	72	110	38
HOLLETA	1	276	1	18	4	45	223182_A	196	B_227	70	81	111	30
HOLLETA	1	277	1	18	4	44	225980_A	202	B_231	66	73	111	38
HOLLETA	1	278	1	18	4	43	242580_A	277	B_281	65	72	110	38
HOLLETA	1	279	1	18	4	42	HB_1964	310	B_307	67	77	121	44
HOLLETA	1	280	1	18	4	41	219185_B	170	B_206	62	69	107	38
HOLLETA	1	281	1	18	4	40	17251_A	46	B_105	48	57	103	46
HOLLETA	1	282	1	18	4	39	18318_B	61	B_115	74	89	125	36
HOLLETA	1	283	1	18	4	38	Dimtu	307	B_301	70	86	123	37
HOLLETA	1	284	1	18	4	37	237015	249	B_62	70	84	124	40
HOLLETA	1	285	1	18	4	36	24965_A	79	B_133	62	70	105	35
HOLLETA	1	286	1	18	4	35	64180_A	105	B_157	60	67	113	46
HOLLETA	1	287	1	18	4	34	232216	217	B_51	59	66	102	36
HOLLETA	1	288	1	18	4	33	1740_A	3	B_79	66	74	114	40
HOLLETA	1	289	1	19	4	32	235265_B	236	B_259	65	71	109	38
HOLLETA	1	290	1	19	4	31	237335_B	254	B_269	67	75	109	34
HOLLETA	1	291	1	19	4	30	64176_B	104	B_156	59	66	106	40
HOLLETA	1	292	1	19	4	29	Shege	301	B_319	73	92	134	42
HOLLETA	1	293	1	19	4	28	64026_A	90	B_142	60	66	102	36
HOLLETA	1	294	1	19	4	27	235551_C	244	B_265	67	79	121	42
HOLLETA	1	295	1	19	4	26	219178_A	167	B_203	63	70	106	36
HOLLETA	1	296	1	19	4	25	15284	22	B_7	60	65	105	40
HOLLETA	1	297	1	19	4	24	16737_B	25	B_94	69	81	120	39
HOLLETA	1	298	1	19	4	23	17146	41	B_16	68	77	113	36
HOLLETA	1	299	1	19	4	22	216993	158	B_39	66	74	114	40
HOLLETA	1	300	1	19	4	21	223926_B	200	B_230	61	70	110	40
HOLLETA	1	301	1	19	4	20	16862_A	36	B_101	71	86	125	39
HOLLETA	1	302	1	19	4	19	64233_C	106	B_158	60	65	101	36
HOLLETA	1	303	1	19	4	18	223174_A	195	B_226	66	79	110	31
HOLLETA	1	304	1	19	4	17	212959_A	139	B_183	68	78	109	31
HOLLETA	1	305	1	20	4	16	24990	88	B_29	69	80	110	30
HOLLETA	1	306	1	20	4	15	216799_A	155	B_197	65	72	111	39
HOLLETA	1	307	1	20	4	14	220345	185	B_44	63	71	113	42
HOLLETA	1	308	1	20	4	13	64336_A	110	B_161	52	62	107	45
HOLLETA	1	309	1	20	4	12	212840_A	135	B_179	67	78	126	48
HOLLETA	1	310	1	20	4	11	243566	290	B_75	58	64	103	39
HOLLETA	1	311	1	20	4	10	24617_A	69	B_123	58	64	105	41
HOLLETA	1	312	1	20	4	9	219578_B	176	B_212	61	68	112	44
HOLLETA	1	313	1	20	4	8	24987_A	85	B_138	71	84	126	42
HOLLETA	1	314	1	20	4	7	213523_A	141	B_245	67	78	112	34
HOLLETA	1	315	1	20	4	6	16867	38	B_14	60	66	109	43
HOLLETA	1	316	1	20	4	5	18382_A	66	B_121	67	76	113	37
HOLLETA	1	317	1	20	4	4	219326_B	171	B_207	60	66	112	46
HOLLETA	1	318	1	20	4	3	24641_A	76	B_130	66	75	114	39
HOLLETA	1	319	1	20	4	2	230814_B	215	B_243	66	75	114	39
HOLLETA	1	320	1	20	4	1	64134_C	97	B_149	68	82	121	39
HOLLETA	1	321	2	1	5	1	243312_B	284	B_288	73	98	126	28
HOLLETA	1	322	2	1	5	2	18294_C	267	B_112	68	73	110	37
HOLLETA	1	323	2	1	5	3	16862_A	36	B_101	74	89	125	36
HOLLETA	1	324	2	1	5	4	225980_A	202	B_231	66	74	113	39
HOLLETA	1	325	2	1	5	5	219576_D	174	B_210	62	66	106	40
HOLLETA	1	326	2	1	5	6	242070_C	266	B_275	48	56	98	42
HOLLETA	1	327	2	1	5	7	216008_A	154	B_196	75	100	143	43
HOLLETA	1	328	2	1	5	8	230631_A	211	B_239	62	67	107	40
HOLLETA	1	329	2	1	5	9	16739_D	28	B_97	68	81	124	43
HOLLETA	1	330	2	1	5	10	215698_B	153	B_195	66	70	111	41
HOLLETA	1	331	2	1	5	11	202850_B	118	B_166	62	68	110	42
HOLLETA	1	332	2	1	5	12	219026_B	165	B_201	61	67	107	40
HOLLETA	1	333	2	1	5	13	212504_A	134	B_178	66	76	112	36
HOLLETA	1	334	2	1	5	14	3514_A	7	B_82	70	80	125	45
HOLLETA	1	335	2	1	5	15	17252_C	47	B_106	64	70	111	41
HOLLETA	1	336	2	1	5	16	17257	49	B_20	52	59	105	46
HOLLETA	1	337	2	2	5	17	216799_A	155	B_197	64	70	109	39
HOLLETA	1	338	2	2	5	18	243307_A	283	B_287	48	55	97	42
HOLLETA	1	339	2	2	5	19	239519_B	262	B_274	60	64	105	41
HOLLETA	1	340	2	2	5	20	64111_B	94	B_146	75	89	125	36
HOLLETA	1	341	2	2	5	21	243273_A	282	B_286	74	87	123	36
HOLLETA	1	342	2	2	5	22	3545_D	10	B_85	65	73	113	40
HOLLETA	1	343	2	2	5	23	64116_A	95	B_147	72	84	126	42
HOLLETA	1	344	2	2	5	24	24965_A	79	B_133	61	67	108	41
HOLLETA	1	345	2	2	5	25	208923	133	B_37	52	62	107	45
HOLLETA	1	346	2	2	5	26	223926_B	200	B_230	61	68	109	41
HOLLETA	1	347	2	2	5	27	235541_A	240	B_261	68	82	125	43
HOLLETA	1	348	2	2	5	28	219576_A	173	B_209	64	70	113	43
HOLLETA	1	349	2	2	5	29	243193_A	279	B_282	60	66	112	46
HOLLETA	1	350	2	2	5	30	EH_1847	308	B_303	65	73	119	46
HOLLETA	1	351	2	2	5	31	243611	292	B_76	49	55	94	39
HOLLETA	1	352	2	2	5	32	242576_A	275	B_280	53	61	105	44
HOLLETA	1	353	2	3	5	33	208836_D	124	B_169	69	81	127	46
HOLLETA	1	354	2	3	5	34	235105_B	231	B_257	64	72	110	38
HOLLETA	1	355	2	3	5	35	HB_1307	303	B_309	69	79	123	44
HOLLETA	1	356	2	3	5	36	223168_C	194	B_225	60	66	108	42
HOLLETA	1	357	2	3	5	37	232356	218	B_52	63	72	110	38
HOLLETA	1	358	2	3	5	38	230500_A	206	B_234	65	71	105	34
HOLLETA	1	359	2	3	5	39	223168_A	193	B_224	60	66	102	36
HOLLETA	1	360	2	3	5	40	24617_A	69	B_123	51	59	107	48
HOLLETA	1	361	2	3	5	41	236823_A	247	B_266	65	84	125	41
HOLLETA	1	362	2	3	5	42	208816_A	123	B_168	68	83	123	40
HOLLETA	1	363	2	3	5	43	Bekoji_1	313	B_298	67	80	122	42
HOLLETA	1	364	2	3	5	44	219055_A	166	B_202	63	70	109	39
HOLLETA	1	365	2	3	5	45	202526_A	111	B_162	70	85	126	41
HOLLETA	1	366	2	3	5	46	16753	29	B_9	60	67	107	40
HOLLETA	1	367	2	3	5	47	215217_A	145	B_187	60	68	108	40
HOLLETA	1	368	2	3	5	48	215228_B	147	B_189	62	69	109	40
HOLLETA	1	369	2	4	5	49	208841_A	126	B_171	60	67	114	47
HOLLETA	1	370	2	4	5	50	16726_A	23	B_93	71	83	124	41
HOLLETA	1	371	2	4	5	51	235546_A	242	B_263	68	83	123	40
HOLLETA	1	372	2	4	5	52	202833	117	B_33	66	74	110	36
HOLLETA	1	373	2	4	5	53	242093_A	270	B_276	74	86	125	39
HOLLETA	1	374	2	4	5	54	216993	158	B_39	64	66	109	43
HOLLETA	1	375	2	4	5	55	Miscal_21	295	B_317	74	74	116	42
HOLLETA	1	376	2	4	5	56	18382_A	66	B_121	61	72	109	37
HOLLETA	1	377	2	4	5	57	64172_A	102	B_154	63	70	111	41
HOLLETA	1	378	2	4	5	58	208841_B	127	B_172	67	78	113	35
HOLLETA	1	379	2	4	5	59	222969_C	192	B_223	76	88	128	40
HOLLETA	1	380	2	4	5	60	HB_1965	317	B_312	70	75	109	34
HOLLETA	1	381	2	4	5	61	202717_A	116	B_165	69	74	107	33
HOLLETA	1	382	2	4	5	62	17244_B	44	B_104	61	66	109	43
HOLLETA	1	383	2	4	5	63	202560	112	B_31	55	62	95	33
HOLLETA	1	384	2	4	5	64	17651	50	B_21	58	63	98	35
HOLLETA	1	385	2	5	5	65	237015	249	B_62	67	81	123	42
HOLLETA	1	386	2	5	5	66	16881_A	39	B_102	62	69	107	38
HOLLETA	1	387	2	5	5	67	230631_C	212	B_240	51	60	96	36
HOLLETA	1	388	2	5	5	68	17146	41	B_16	65	76	110	34
HOLLETA	1	389	2	5	5	69	220654	187	B_46	68	81	123	42
HOLLETA	1	390	2	5	5	70	234293	222	B_53	47	57	97	40
HOLLETA	1	391	2	5	5	71	24955_B	77	B_131	69	81	120	39
HOLLETA	1	392	2	5	5	72	230612_B	207	B_235	51	60	104	44
HOLLETA	1	393	2	5	5	73	24636	74	B_27	60	68	106	38
HOLLETA	1	394	2	5	5	74	215432_A	149	B_191	62	69	108	39
HOLLETA	1	395	2	5	5	75	230814_B	215	B_243	64	71	109	38
HOLLETA	1	396	2	5	5	76	Derebie	309	B_300	63	71	115	44
HOLLETA	1	397	2	5	5	77	4492_D	15	B_89	70	85	123	38
HOLLETA	1	398	2	5	5	78	219578_A	175	B_211	65	77	112	35
HOLLETA	1	399	2	5	5	79	202631_A	113	B_163	62	68	106	38
HOLLETA	1	400	2	5	5	80	225249	201	B_49	75	89	133	44
HOLLETA	1	401	2	6	6	80	219584_A	180	B_215	62	70	108	38
HOLLETA	1	402	2	6	6	79	17688_A	56	B_110	70	84	122	38
HOLLETA	1	403	2	6	6	78	24641_A	76	B_130	64	72	110	38
HOLLETA	1	404	2	6	6	77	16755	30	B_10	62	69	108	39
HOLLETA	1	405	2	6	6	76	17685_A	54	B_108	71	85	122	37
HOLLETA	1	406	2	6	6	75	64176_B	104	B_156	58	65	106	41
HOLLETA	1	407	2	6	6	74	212959_B	140	B_184	67	75	116	41
HOLLETA	1	408	2	6	6	73	17661_A	52	B_107	61	67	110	43
HOLLETA	1	409	2	6	6	72	15271	19	B_5	53	63	93	30
HOLLETA	1	410	2	6	6	71	219026_A	164	B_200	58	65	98	33
HOLLETA	1	411	2	6	6	70	230629_A	210	B_238	61	67	105	38
HOLLETA	1	412	2	6	6	69	1773_C	5	B_81	76	87	139	52
HOLLETA	1	413	2	6	6	68	220347	186	B_45	62	67	100	33
HOLLETA	1	414	2	6	6	67	234307_A	226	B_251	66	75	115	40
HOLLETA	1	415	2	6	6	66	230814_A	214	B_242	62	69	114	45
HOLLETA	1	416	2	6	6	65	16805	31	B_11	66	79	118	39
HOLLETA	1	417	2	7	6	64	235056_B	229	B_254	63	71	106	35
HOLLETA	1	418	2	7	6	63	EH_1493	296	B_302	70	82	118	36
HOLLETA	1	419	2	7	6	62	3545_C	9	B_84	62	70	105	35
HOLLETA	1	420	2	7	6	61	3514_C	8	B_83	52	58	98	40
HOLLETA	1	421	2	7	6	60	1611_A	1	B_78	51	58	94	36
HOLLETA	1	422	2	7	6	59	208905_B	132	B_177	68	84	124	40
HOLLETA	1	423	2	7	6	58	217001	161	B_42	61	66	109	43
HOLLETA	1	424	2	7	6	57	243247_A	281	B_285	66	74	110	36
HOLLETA	1	425	2	7	6	56	16727	24	B_8	69	83	123	40
HOLLETA	1	426	2	7	6	55	1635	2	B_1	61	68	104	36
HOLLETA	1	427	2	7	6	54	213594_A	144	B_186	70	86	119	33
HOLLETA	1	428	2	7	6	53	IAR/H/485	297	B_315	75	89	126	37
HOLLETA	1	429	2	7	6	52	219616_A	184	B_219	69	79	114	35
HOLLETA	1	430	2	7	6	51	237335_B	254	B_269	63	74	111	37
HOLLETA	1	431	2	7	6	50	203167	119	B_34	66	74	112	38
HOLLETA	1	432	2	7	6	49	Ardu_12_60B	298	B_295	75	89	128	39
HOLLETA	1	433	2	8	6	48	24626_B	72	B_126	54	62	105	43
HOLLETA	1	434	2	8	6	47	64334	109	B_30	56	63	106	43
HOLLETA	1	435	2	8	6	46	HB__1966	319	B_308	68	78	123	45
HOLLETA	1	436	2	8	6	45	220790_D	189	B_221	69	80	117	37
HOLLETA	1	437	2	8	6	44	4540_A	17	B_90	52	60	98	38
HOLLETA	1	438	2	8	6	43	24639_B	289	B_129	75	92	124	32
HOLLETA	1	439	2	8	6	42	235116_B	233	B_258	69	81	112	31
HOLLETA	1	440	2	8	6	41	243565_A	288	B_292	64	72	108	36
HOLLETA	1	441	2	8	6	40	223182_A	196	B_227	68	79	112	33
HOLLETA	1	442	2	8	6	39	235551_C	244	B_265	65	76	123	47
HOLLETA	1	443	2	8	6	38	18327	62	B_25	55	63	101	38
HOLLETA	1	444	2	8	6	37	236819	245	B_60	68	76	123	47
HOLLETA	1	445	2	8	6	36	4051_A	11	B_86	62	68	109	41
HOLLETA	1	446	2	8	6	35	17689	57	B_24	54	61	105	44
HOLLETA	1	447	2	8	6	34	230616_A	208	B_236	61	67	103	36
HOLLETA	1	448	2	8	6	33	18302_A	59	B_113	50	58	98	40
HOLLETA	1	449	2	9	6	32	Misrach	315	B_318	63	71	110	39
HOLLETA	1	450	2	9	6	31	219578_B	176	B_212	62	69	110	41
HOLLETA	1	451	2	9	6	30	Fanaka	306	B_305	65	75	122	47
HOLLETA	1	452	2	9	6	29	223926_A	199	B_229	51	70	109	39
HOLLETA	1	453	2	9	6	28	17251_A	46	B_105	49	56	105	49
HOLLETA	1	454	2	9	6	27	24965_C	80	B_134	71	82	123	41
HOLLETA	1	455	2	9	6	26	215456_A	150	B_192	61	67	114	47
HOLLETA	1	456	2	9	6	25	243410_B	287	B_291	63	70	106	36
HOLLETA	1	457	2	9	6	24	HB_42	299	B_313	76	93	132	39
HOLLETA	1	458	2	9	6	23	17663	53	B_23	49	56	104	48
HOLLETA	1	459	2	9	6	22	237361_A	258	B_272	63	71	111	40
HOLLETA	1	460	2	9	6	21	17148	42	B_17	68	79	126	47
HOLLETA	1	461	2	9	6	20	243567_A	291	B_293	63	70	111	41
HOLLETA	1	462	2	9	6	19	15273_A	20	B_92	62	71	112	41
HOLLETA	1	463	2	9	6	18	202642	114	B_32	61	68	110	42
HOLLETA	1	464	2	9	6	17	208905_A	131	B_176	77	83	125	42
HOLLETA	1	465	2	10	6	16	4051_C	12	B_87	66	76	112	36
HOLLETA	1	466	2	10	6	15	24612_B	68	B_122	49	58	103	45
HOLLETA	1	467	2	10	6	14	Gobe	311	B_306	60	67	104	37
HOLLETA	1	468	2	10	6	13	238360	261	B_68	69	84	118	34
HOLLETA	1	469	2	10	6	12	16867	38	B_14	60	67	104	37
HOLLETA	1	470	2	10	6	11	212947_A	137	B_181	69	86	126	40
HOLLETA	1	471	2	10	6	10	242098_A	271	B_277	63	70	114	44
HOLLETA	1	472	2	10	6	9	235265_B	236	B_259	63	70	109	39
HOLLETA	1	473	2	10	6	8	Explorer	300	B_304	64	81	123	42
HOLLETA	1	474	2	10	6	7	17244_A	43	B_103	68	79	122	43
HOLLETA	1	475	2	10	6	6	219328_B	172	B_208	61	67	107	40
HOLLETA	1	476	2	10	6	5	18294_A	58	B_111	65	73	110	37
HOLLETA	1	477	2	10	6	4	219581_A	178	B_214	64	75	117	42
HOLLETA	1	478	2	10	6	3	234312_B	228	B_253	60	65	104	39
HOLLETA	1	479	2	10	6	2	221325	190	B_47	57	64	103	39
HOLLETA	1	480	2	10	6	1	235544_A	241	B_262	71	85	124	39
HOLLETA	1	481	2	11	7	1	15281	21	B_6	64	74	110	36
HOLLETA	1	482	2	11	7	2	237021	251	B_63	60	67	101	34
HOLLETA	1	483	2	11	7	3	218969_A	163	B_199	61	67	105	38
HOLLETA	1	484	2	11	7	4	237003_B	248	B_267	63	70	106	36
HOLLETA	1	485	2	11	7	5	204802_B	122	B_167	70	61	127	66
HOLLETA	1	486	2	11	7	6	219580_A	177	B_213	69	80	116	36
HOLLETA	1	487	2	11	7	7	24970	82	B_28	68	78	125	47
HOLLETA	1	488	2	11	7	8	64144_B	98	B_150	66	76	123	47
HOLLETA	1	489	2	11	7	9	208842_A	128	B_173	70	78	117	39
HOLLETA	1	490	2	11	7	10	64134_C	97	B_149	67	75	110	35
HOLLETA	1	491	2	11	7	11	18905	67	B_26	68	78	116	38
HOLLETA	1	492	2	11	7	12	213527_A	143	B_185	65	74	107	33
HOLLETA	1	493	2	11	7	13	64233_C	106	B_158	56	63	97	34
HOLLETA	1	494	2	11	7	14	230654_B	213	B_241	53	61	101	40
HOLLETA	1	495	2	11	7	15	234295	223	B_54	51	58	101	43
HOLLETA	1	496	2	11	7	16	4495	16	B_4	52	59	96	37
HOLLETA	1	497	2	12	7	17	232365_A	219	B_247	66	75	109	34
HOLLETA	1	498	2	12	7	18	24620_A	70	B_124	62	67	106	39
HOLLETA	1	499	2	12	7	19	219178_A	167	B_203	62	69	105	36
HOLLETA	1	500	2	12	7	20	233040_A	220	B_248	69	83	130	47
HOLLETA	1	501	2	12	7	21	24990	88	B_29	67	78	116	38
HOLLETA	1	502	2	12	7	22	1826	6	B_2	60	66	103	37
HOLLETA	1	503	2	12	7	23	237020_A	250	B_268	60	66	109	43
HOLLETA	1	504	2	12	7	24	242069	265	B_70	48	56	93	37
HOLLETA	1	505	2	12	7	25	238348	259	B_67	51	60	95	35
HOLLETA	1	506	2	12	7	26	242574	274	B_72	63	70	115	45
HOLLETA	1	507	2	12	7	27	230815_A	216	B_244	64	71	105	34
HOLLETA	1	508	2	12	7	28	17249	45	B_18	46	52	93	41
HOLLETA	1	509	2	12	7	29	16858_B	35	B_100	70	85	125	40
HOLLETA	1	510	2	12	7	30	24628_A	73	B_127	54	61	105	44
HOLLETA	1	511	2	12	7	31	208836_E	125	B_170	69	79	117	38
HOLLETA	1	512	2	12	7	32	208845_A	129	B_174	60	66	109	43
HOLLETA	1	513	2	13	7	33	243566	290	B_75	52	60	99	39
HOLLETA	1	514	2	13	7	34	64003_A	89	B_141	63	73	116	43
HOLLETA	1	515	2	13	7	35	15265_A	18	B_91	49	56	103	47
HOLLETA	1	516	2	13	7	36	216997	160	B_41	63	70	113	43
HOLLETA	1	517	2	13	7	37	18378_B	65	B_120	64	76	115	39
HOLLETA	1	518	2	13	7	38	16858_A	34	B_99	70	84	127	43
HOLLETA	1	519	2	13	7	39	1740_A	3	B_79	62	70	115	45
HOLLETA	1	520	2	13	7	40	235056_A	268	B_255	63	69	105	36
HOLLETA	1	521	2	13	7	41	237346_B	257	B_271	61	67	108	41
HOLLETA	1	522	2	13	7	42	238349_B	260	B_273	64	73	106	33
HOLLETA	1	523	2	13	7	43	Shege	301	B_319	71	89	129	40
HOLLETA	1	524	2	13	7	44	215228_A	146	B_188	62	70	108	38
HOLLETA	1	525	2	13	7	45	24987_B	86	B_139	68	80	121	41
HOLLETA	1	526	2	13	7	46	16866	37	B_13	70	81	118	37
HOLLETA	1	527	2	13	7	47	234300	224	B_55	49	57	93	36
HOLLETA	1	528	2	13	7	48	235262	235	B_57	49	58	93	35
HOLLETA	1	529	2	14	7	49	18318_B	61	B_115	70	87	126	39
HOLLETA	1	530	2	14	7	50	242582	278	B_74	51	61	107	46
HOLLETA	1	531	2	14	7	51	236821	246	B_61	61	71	109	38
HOLLETA	1	532	2	14	7	52	64165_A	100	B_152	64	73	114	41
HOLLETA	1	533	2	14	7	53	219326_B	171	B_207	59	65	107	42
HOLLETA	1	534	2	14	7	54	212959_A	139	B_183	65	75	113	38
HOLLETA	1	535	2	14	7	55	202676_A	115	B_164	61	66	110	44
HOLLETA	1	536	2	14	7	56	216994	159	B_40	63	74	116	42
HOLLETA	1	537	2	14	7	57	64068_B	93	B_145	68	78	116	38
HOLLETA	1	538	2	14	7	58	235551_B	243	B_264	69	79	122	43
HOLLETA	1	539	2	14	7	59	HB_1533	320	B_310	63	72	114	42
HOLLETA	1	540	2	14	7	60	HB_1963	302	B_311	69	79	131	52
HOLLETA	1	541	2	14	7	61	4492_A	14	B_88	70	82	121	39
HOLLETA	1	542	2	14	7	62	17145	40	B_15	60	67	105	38
HOLLETA	1	543	2	14	7	63	Balemi	314	B_297	78	86	126	40
HOLLETA	1	544	2	14	7	64	16739_B	27	B_96	69	81	119	38
HOLLETA	1	545	2	15	7	65	229993_A	205	B_233	60	66	98	32
HOLLETA	1	546	2	15	7	66	242099_B	272	B_279	65	75	110	35
HOLLETA	1	547	2	15	7	67	235284	238	B_59	44	56	93	37
HOLLETA	1	548	2	15	7	68	24622_B	71	B_125	50	57	94	37
HOLLETA	1	549	2	15	7	69	213523_A	141	B_245	65	75	113	38
HOLLETA	1	550	2	15	7	70	223174_A	195	B_226	65	79	110	31
HOLLETA	1	551	2	15	7	71	237339	255	B_66	60	66	104	38
HOLLETA	1	552	2	15	7	72	18330_B	269	B_117	63	73	119	46
HOLLETA	1	553	2	15	7	73	219185_A	169	B_205	63	72	108	36
HOLLETA	1	554	2	15	7	74	24956_A	78	B_132	68	81	121	40
HOLLETA	1	555	2	15	7	75	HB_1964	310	B_307	65	75	119	44
HOLLETA	1	556	2	15	7	76	Bahati	312	B_296	63	75	113	38
HOLLETA	1	557	2	15	7	77	219611_A	181	B_216	71	85	123	38
HOLLETA	1	558	2	15	7	78	225980_B	203	B_232	63	72	104	32
HOLLETA	1	559	2	15	7	79	17658	51	B_22	49	57	103	46
HOLLETA	1	560	2	15	7	80	243209_A	263	B_284	68	82	116	34
HOLLETA	1	561	2	16	8	80	Holker	316	B_314	65	78	113	35
HOLLETA	1	562	2	16	8	79	235252	234	B_56	51	60	104	44
HOLLETA	1	563	2	16	8	78	16737_B	25	B_94	68	78	120	42
HOLLETA	1	564	2	16	8	77	64333_B	108	B_160	52	62	101	39
HOLLETA	1	565	2	16	8	76	18356_A	64	B_119	65	72	109	37
HOLLETA	1	566	2	16	8	75	Ibon174/03	318	B_316	57	63	116	53
HOLLETA	1	567	2	16	8	74	230619_B	209	B_237	51	59	104	45
HOLLETA	1	568	2	16	8	73	16819_A	32	B_98	69	81	121	40
HOLLETA	1	569	2	16	8	72	215244_A	148	B_190	65	75	113	38
HOLLETA	1	570	2	16	8	71	241788	264	B_69	67	75	139	64
HOLLETA	1	571	2	16	8	70	237346_A	256	B_270	56	63	105	42
HOLLETA	1	572	2	16	8	69	233040_B	221	B_249	67	84	123	39
HOLLETA	1	573	2	16	8	68	220743_A	188	B_220	66	74	115	41
HOLLETA	1	574	2	16	8	67	Dimtu	307	B_301	71	87	118	31
HOLLETA	1	575	2	16	8	66	208903_A	130	B_175	51	58	101	43
HOLLETA	1	576	2	16	8	65	24639_A	75	B_128	76	90	118	28
HOLLETA	1	577	2	17	8	64	Travller	304	B_320	70	85	129	44
HOLLETA	1	578	2	17	8	63	213523_B	142	B_246	63	70	104	34
HOLLETA	1	579	2	17	8	62	234308_A	227	B_252	62	73	108	35
HOLLETA	1	580	2	17	8	61	212840_A	135	B_179	65	76	122	46
HOLLETA	1	581	2	17	8	60	242571	273	B_71	49	56	105	49
HOLLETA	1	582	2	17	8	59	222969_A	191	B_222	66	78	112	34
HOLLETA	1	583	2	17	8	58	242578	276	B_73	50	58	107	49
HOLLETA	1	584	2	17	8	57	4118	13	B_3	65	76	110	34
HOLLETA	1	585	2	17	8	56	223191	198	B_48	51	58	104	46
HOLLETA	1	586	2	17	8	55	64165_B	101	B_153	65	74	115	41
HOLLETA	1	587	2	17	8	54	219612_A	182	B_217	70	83	125	42
HOLLETA	1	588	2	17	8	53	64134_A	96	B_148	64	74	113	39
HOLLETA	1	589	2	17	8	52	232216	217	B_51	61	66	105	39
HOLLETA	1	590	2	17	8	51	234302_A	225	B_250	61	67	104	37
HOLLETA	1	591	2	17	8	50	18330_A	63	B_116	63	73	115	42
HOLLETA	1	592	2	17	8	49	243614	293	B_77	51	57	102	45
HOLLETA	1	593	2	18	8	48	Cross_41/98	305	B_299	72	86	116	30
HOLLETA	1	594	2	18	8	47	219612_B	183	B_218	70	85	115	30
HOLLETA	1	595	2	18	8	46	64180_A	105	B_157	60	66	116	50
HOLLETA	1	596	2	18	8	45	235267	237	B_58	51	59	104	45
HOLLETA	1	597	2	18	8	44	237324	252	B_64	49	57	103	46
HOLLETA	1	598	2	18	8	43	204686	121	B_36	65	74	109	35
HOLLETA	1	599	2	18	8	42	1773_B	4	B_80	76	92	128	36
HOLLETA	1	600	2	18	8	41	24987_A	85	B_138	70	80	126	46
HOLLETA	1	601	2	18	8	40	204677	120	B_35	67	76	116	40
HOLLETA	1	602	2	18	8	39	235525_A	239	B_260	68	81	118	37
HOLLETA	1	603	2	18	8	38	15284	22	B_7	59	63	104	41
HOLLETA	1	604	2	18	8	37	216954_A	157	B_198	67	78	125	47
HOLLETA	1	605	2	18	8	36	212840_B	136	B_180	64	75	122	47
HOLLETA	1	606	2	18	8	35	18304_C	60	B_114	58	64	103	39
HOLLETA	1	607	2	18	8	34	215474_B	151	B_193	56	62	103	41
HOLLETA	1	608	2	18	8	33	24988_A	87	B_140	68	79	126	47
HOLLETA	1	609	2	19	8	32	242580_A	277	B_281	62	68	108	40
HOLLETA	1	610	2	19	8	31	64026_A	90	B_142	57	64	103	39
HOLLETA	1	611	2	19	8	30	223182_B	197	B_228	67	79	112	33
HOLLETA	1	612	2	19	8	29	64144_C	99	B_151	69	84	127	43
HOLLETA	1	613	2	19	8	28	24974_A	83	B_136	55	62	110	48
HOLLETA	1	614	2	19	8	27	235090_B	230	B_256	62	68	105	37
HOLLETA	1	615	2	19	8	26	17685_B	55	B_109	71	84	121	37
HOLLETA	1	616	2	19	8	25	64065_C	91	B_143	67	80	118	38
HOLLETA	1	617	2	19	8	24	243203_A	280	B_283	63	73	114	41
HOLLETA	1	618	2	19	8	23	212947_D	138	B_182	67	78	113	35
HOLLETA	1	619	2	19	8	22	64257_B	107	B_159	61	65	110	45
HOLLETA	1	620	2	19	8	21	16737_E	26	B_95	71	82	127	45
HOLLETA	1	621	2	19	8	20	237329	253	B_65	63	70	108	38
HOLLETA	1	622	2	19	8	19	24985_B	84	B_137	58	65	103	38
HOLLETA	1	623	2	19	8	18	243410_A	286	B_290	65	74	110	36
HOLLETA	1	624	2	19	8	17	64336_A	110	B_161	50	69	110	41
HOLLETA	1	625	2	20	8	16	24967_C	81	B_135	60	79	129	50
HOLLETA	1	626	2	20	8	15	242098_B	232	B_278	62	69	105	36
HOLLETA	1	627	2	20	8	14	17254	48	B_19	45	54	93	39
HOLLETA	1	628	2	20	8	13	216935	156	B_38	69	86	125	39
HOLLETA	1	629	2	20	8	12	215696_A	152	B_194	59	63	104	41
HOLLETA	1	630	2	20	8	11	217176	162	B_43	61	68	109	41
HOLLETA	1	631	2	20	8	10	16855	33	B_12	70	85	119	34
HOLLETA	1	632	2	20	8	9	219185_B	170	B_206	61	69	111	42
HOLLETA	1	633	2	20	8	8	243407_A	285	B_289	62	70	113	43
HOLLETA	1	634	2	20	8	7	220345	185	B_44	62	67	107	40
HOLLETA	1	635	2	20	8	6	229796	204	B_50	67	79	110	31
HOLLETA	1	636	2	20	8	5	64068_A	92	B_144	67	77	112	35
HOLLETA	1	637	2	20	8	4	64172_B	103	B_155	65	70	114	44
HOLLETA	1	638	2	20	8	3	219178_B	168	B_204	62	67	108	41
HOLLETA	1	639	2	20	8	2	A_hore_880/61	294	B_294	69	85	128	43
HOLLETA	1	640	2	20	8	1	18330_D	179	B_118	64	74	113	39
ARSINEG	2	1	1	1	1	1	18356_A	64	B_119	55	62	95	33
ARSINEG	2	2	1	1	1	2	233040_B	221	B_249	55	62	94	32
ARSINEG	2	3	1	1	1	3	17249	45	B_18	40	47	79	32
ARSINEG	2	4	1	1	1	4	212840_A	135	B_179	57	65	104	39
ARSINEG	2	5	1	1	1	5	243614	293	B_77	39	49	77	28
ARSINEG	2	6	1	1	1	6	208836_E	125	B_170	60	67	104	37
ARSINEG	2	7	1	1	1	7	17685_B	55	B_109	62	69	107	38
ARSINEG	2	8	1	1	1	8	223174_A	195	B_226	64	70	103	33
ARSINEG	2	9	1	1	1	9	241788	264	B_69	51	58	90	32
ARSINEG	2	10	1	1	1	10	16858_B	35	B_100	59	66	97	31
ARSINEG	2	11	1	1	1	11	16726_A	23	B_93	59	67	100	33
ARSINEG	2	12	1	1	1	12	64333_B	108	B_160	47	54	80	26
ARSINEG	2	13	1	1	1	13	242576_A	275	B_280	46	54	80	26
ARSINEG	2	14	1	1	1	14	24987_A	85	B_138	57	64	97	33
ARSINEG	2	15	1	1	1	15	223182_B	197	B_228	58	65	97	32
ARSINEG	2	16	1	1	1	16	A_hore_880/61	294	B_294	66	72	112	40
ARSINEG	2	17	1	2	1	17	212840_B	136	B_180	55	63	101	38
ARSINEG	2	18	1	2	1	18	24985_B	84	B_137	46	54	85	31
ARSINEG	2	19	1	2	1	19	17254	48	B_19	38	47	79	32
ARSINEG	2	20	1	2	1	20	230629_A	210	B_238	49	55	86	31
ARSINEG	2	21	1	2	1	21	219178_B	168	B_204	52	58	89	31
ARSINEG	2	22	1	2	1	22	235090_B	230	B_256	52	58	87	29
ARSINEG	2	23	1	2	1	23	4492_D	15	B_89	59	66	103	37
ARSINEG	2	24	1	2	1	24	216993	158	B_39	54	61	89	28
ARSINEG	2	25	1	2	1	25	219584_A	180	B_215	55	62	95	33
ARSINEG	2	26	1	2	1	26	Bahati	312	B_296	54	62	101	39
ARSINEG	2	27	1	2	1	27	Travller	304	B_320	63	69	111	42
ARSINEG	2	28	1	2	1	28	17148	42	B_17	67	72	107	35
ARSINEG	2	29	1	2	1	29	204802_B	122	B_167	70	77	108	31
ARSINEG	2	30	1	2	1	30	220347	186	B_45	52	57	88	31
ARSINEG	2	31	1	2	1	31	Gobe	311	B_306	48	56	100	44
ARSINEG	2	32	1	2	1	32	219612_A	182	B_217	65	72	109	37
ARSINEG	2	33	1	3	1	33	15265_A	18	B_91	43	51	83	32
ARSINEG	2	34	1	3	1	34	208903_A	130	B_175	43	51	81	30
ARSINEG	2	35	1	3	1	35	24965_A	79	B_133	51	58	88	30
ARSINEG	2	36	1	3	1	36	215432_A	149	B_191	49	55	82	27
ARSINEG	2	37	1	3	1	37	217001	161	B_42	48	55	89	34
ARSINEG	2	38	1	3	1	38	Miscal_21	295	B_317	53	60	97	37
ARSINEG	2	39	1	3	1	39	17244_A	43	B_103	56	63	93	30
ARSINEG	2	40	1	3	1	40	215217_A	145	B_187	49	56	88	32
ARSINEG	2	41	1	3	1	41	24965_C	80	B_134	62	69	108	39
ARSINEG	2	42	1	3	1	42	216799_A	155	B_197	49	58	88	30
ARSINEG	2	43	1	3	1	43	229993_A	205	B_233	48	55	83	28
ARSINEG	2	44	1	3	1	44	HB__1966	319	B_308	63	69	101	32
ARSINEG	2	45	1	3	1	45	219578_B	176	B_212	55	62	98	36
ARSINEG	2	46	1	3	1	46	237020_A	250	B_268	49	56	84	28
ARSINEG	2	47	1	3	1	47	215228_B	147	B_189	49	56	89	33
ARSINEG	2	48	1	3	1	48	Balemi	314	B_297	70	76	112	36
ARSINEG	2	49	1	4	1	49	17658	51	B_22	46	52	82	30
ARSINEG	2	50	1	4	1	50	16739_D	28	B_97	58	68	105	37
ARSINEG	2	51	1	4	1	51	235252	234	B_56	47	54	87	33
ARSINEG	2	52	1	4	1	52	4051_C	12	B_87	58	68	100	32
ARSINEG	2	53	1	4	1	53	219581_A	178	B_214	60	68	100	32
ARSINEG	2	54	1	4	1	54	222969_A	191	B_222	63	70	108	38
ARSINEG	2	55	1	4	1	55	216935	156	B_38	69	74	110	36
ARSINEG	2	56	1	4	1	56	219026_B	165	B_201	47	53	81	28
ARSINEG	2	57	1	4	1	57	236821	246	B_61	54	60	92	32
ARSINEG	2	58	1	4	1	58	243566	290	B_75	47	55	82	27
ARSINEG	2	59	1	4	1	59	16737_E	26	B_95	63	69	104	35
ARSINEG	2	60	1	4	1	60	223191	198	B_48	45	53	82	29
ARSINEG	2	61	1	4	1	61	24612_B	68	B_122	45	53	81	28
ARSINEG	2	62	1	4	1	62	15273_A	20	B_92	52	59	87	28
ARSINEG	2	63	1	4	1	63	216954_A	157	B_198	67	72	102	30
ARSINEG	2	64	1	4	1	64	225249	201	B_49	76	86	112	26
ARSINEG	2	65	1	5	1	65	202833	117	B_33	60	67	101	34
ARSINEG	2	66	1	5	1	66	24967_C	81	B_135	60	67	104	37
ARSINEG	2	67	1	5	1	67	HB_1965	317	B_312	59	65	96	31
ARSINEG	2	68	1	5	1	68	242093_A	270	B_276	73	81	119	38
ARSINEG	2	69	1	5	1	69	237329	253	B_65	59	66	96	30
ARSINEG	2	70	1	5	1	70	EH_1493	296	B_302	72	85	125	40
ARSINEG	2	71	1	5	1	71	236819	245	B_60	61	68	102	34
ARSINEG	2	72	1	5	1	72	243247_A	281	B_285	59	66	97	31
ARSINEG	2	73	1	5	1	73	217176	162	B_43	48	55	88	33
ARSINEG	2	74	1	5	1	74	Derebie	309	B_300	56	63	98	35
ARSINEG	2	75	1	5	1	75	24622_B	71	B_125	44	52	81	29
ARSINEG	2	76	1	5	1	76	242582	278	B_74	44	52	81	29
ARSINEG	2	77	1	5	1	77	HB_42	299	B_313	91	100	136	36
ARSINEG	2	78	1	5	1	78	24990	88	B_29	65	72	102	30
ARSINEG	2	79	1	5	1	79	64134_C	97	B_149	60	67	100	33
ARSINEG	2	80	1	5	1	80	243193_A	279	B_282	52	61	94	33
ARSINEG	2	81	1	6	2	80	4118	13	B_3	66	75	100	25
ARSINEG	2	82	1	6	2	79	64233_C	106	B_158	52	59	92	33
ARSINEG	2	83	1	6	2	78	230616_A	208	B_236	51	58	87	29
ARSINEG	2	84	1	6	2	77	208841_A	126	B_171	51	57	88	31
ARSINEG	2	85	1	6	2	76	208923	133	B_37	46	53	81	28
ARSINEG	2	86	1	6	2	75	237346_A	256	B_270	47	54	84	30
ARSINEG	2	87	1	6	2	74	230631_C	212	B_240	46	54	84	30
ARSINEG	2	88	1	6	2	73	64334	109	B_30	46	53	81	28
ARSINEG	2	89	1	6	2	72	208836_D	124	B_169	61	66	100	34
ARSINEG	2	90	1	6	2	71	237003_B	248	B_267	54	60	96	36
ARSINEG	2	91	1	6	2	70	235541_A	240	B_261	64	71	107	36
ARSINEG	2	92	1	6	2	69	3545_C	9	B_84	54	60	92	32
ARSINEG	2	93	1	6	2	68	203167	119	B_34	59	66	99	33
ARSINEG	2	94	1	6	2	67	64003_A	89	B_141	59	66	103	37
ARSINEG	2	95	1	6	2	66	235262	235	B_57	45	52	81	29
ARSINEG	2	96	1	6	2	65	EH_1847	308	B_303	52	59	95	36
ARSINEG	2	97	1	7	2	64	Cross_41/98	305	B_299	73	78	109	31
ARSINEG	2	98	1	7	2	63	18318_B	61	B_115	78	86	124	38
ARSINEG	2	99	1	7	2	62	HB_1964	310	B_307	58	65	99	34
ARSINEG	2	100	1	7	2	61	235056_B	229	B_254	56	63	87	24
ARSINEG	2	101	1	7	2	60	3514_C	8	B_83	45	49	80	31
ARSINEG	2	102	1	7	2	59	64172_A	102	B_154	51	58	87	29
ARSINEG	2	103	1	7	2	58	17251_A	46	B_105	41	49	80	31
ARSINEG	2	104	1	7	2	57	1635	2	B_1	50	55	87	32
ARSINEG	2	105	1	7	2	56	215698_B	153	B_195	53	60	91	31
ARSINEG	2	106	1	7	2	55	219576_A	173	B_209	53	60	94	34
ARSINEG	2	107	1	7	2	54	24974_A	83	B_136	48	55	82	27
ARSINEG	2	108	1	7	2	53	64068_B	93	B_145	65	70	101	31
ARSINEG	2	109	1	7	2	52	212947_D	138	B_182	64	70	101	31
ARSINEG	2	110	1	7	2	51	219326_B	171	B_207	50	58	83	25
ARSINEG	2	111	1	7	2	50	208816_A	123	B_168	63	70	107	37
ARSINEG	2	112	1	7	2	49	24626_B	72	B_126	47	54	83	29
ARSINEG	2	113	1	8	2	48	18294_A	58	B_111	57	64	99	35
ARSINEG	2	114	1	8	2	47	235284	238	B_59	44	51	81	30
ARSINEG	2	115	1	8	2	46	243567_A	291	B_293	56	63	93	30
ARSINEG	2	116	1	8	2	45	17244_B	44	B_104	50	57	88	31
ARSINEG	2	117	1	8	2	44	238349_B	260	B_273	57	64	96	32
ARSINEG	2	118	1	8	2	43	16866	37	B_13	62	69	102	33
ARSINEG	2	119	1	8	2	42	4492_A	14	B_88	61	69	101	32
ARSINEG	2	120	1	8	2	41	64257_B	107	B_159	48	55	82	27
ARSINEG	2	121	1	8	2	40	202642	114	B_32	48	55	81	26
ARSINEG	2	122	1	8	2	39	225980_A	202	B_231	55	62	93	31
ARSINEG	2	123	1	8	2	38	Ibon174/03	318	B_316	52	59	94	35
ARSINEG	2	124	1	8	2	37	215456_A	150	B_192	49	57	83	26
ARSINEG	2	125	1	8	2	36	64116_A	95	B_147	60	67	105	38
ARSINEG	2	126	1	8	2	35	16855	33	B_12	69	76	108	32
ARSINEG	2	127	1	8	2	34	18330_D	179	B_118	55	62	94	32
ARSINEG	2	128	1	8	2	33	243312_B	284	B_288	66	72	112	40
ARSINEG	2	129	1	9	2	32	24628_A	73	B_127	45	52	82	30
ARSINEG	2	130	1	9	2	31	64144_B	98	B_150	57	64	112	48
ARSINEG	2	131	1	9	2	30	17689	57	B_24	44	51	80	29
ARSINEG	2	132	1	9	2	29	242098_A	271	B_277	51	58	88	30
ARSINEG	2	133	1	9	2	28	15271	19	B_5	44	51	81	30
ARSINEG	2	134	1	9	2	27	16819_A	32	B_98	58	65	94	29
ARSINEG	2	135	1	9	2	26	222969_C	192	B_223	65	72	104	32
ARSINEG	2	136	1	9	2	25	64180_A	105	B_157	48	55	83	28
ARSINEG	2	137	1	9	2	24	HB_1963	302	B_311	63	70	110	40
ARSINEG	2	138	1	9	2	23	16737_B	25	B_94	57	64	99	35
ARSINEG	2	139	1	9	2	22	219616_A	184	B_219	56	63	99	36
ARSINEG	2	140	1	9	2	21	219185_B	170	B_206	51	58	90	32
ARSINEG	2	141	1	9	2	20	208905_A	131	B_176	58	65	99	34
ARSINEG	2	142	1	9	2	19	15284	22	B_7	48	55	83	28
ARSINEG	2	143	1	9	2	18	213527_A	143	B_185	47	54	81	27
ARSINEG	2	144	1	9	2	17	24641_A	76	B_130	55	62	94	32
ARSINEG	2	145	1	10	2	16	229796	204	B_50	59	67	101	34
ARSINEG	2	146	1	10	2	15	4540_A	17	B_90	45	52	81	29
ARSINEG	2	147	1	10	2	14	IAR/H/485	297	B_315	69	76	112	36
ARSINEG	2	148	1	10	2	13	16727	24	B_8	59	66	95	29
ARSINEG	2	149	1	10	2	12	219611_A	181	B_216	68	75	105	30
ARSINEG	2	150	1	10	2	11	219580_A	177	B_213	64	71	108	37
ARSINEG	2	151	1	10	2	10	17661_A	52	B_107	47	54	82	28
ARSINEG	2	152	1	10	2	9	219178_A	167	B_203	52	59	89	30
ARSINEG	2	153	1	10	2	8	202560	112	B_31	46	53	82	29
ARSINEG	2	154	1	10	2	7	219328_B	172	B_208	49	56	82	26
ARSINEG	2	155	1	10	2	6	16881_A	39	B_102	49	56	85	29
ARSINEG	2	156	1	10	2	5	230815_A	216	B_244	48	55	85	30
ARSINEG	2	157	1	10	2	4	243410_A	286	B_290	58	65	96	31
ARSINEG	2	158	1	10	2	3	243307_A	283	B_287	43	51	80	29
ARSINEG	2	159	1	10	2	2	242578	276	B_73	46	52	81	29
ARSINEG	2	160	1	10	2	1	235551_B	243	B_264	62	69	101	32
ARSINEG	2	161	1	11	3	1	17685_A	54	B_108	64	72	104	32
ARSINEG	2	162	1	11	3	2	18905	67	B_26	55	62	93	31
ARSINEG	2	163	1	11	3	3	64176_B	104	B_156	45	53	81	28
ARSINEG	2	164	1	11	3	4	64068_A	92	B_144	58	66	95	29
ARSINEG	2	165	1	11	3	5	212947_A	137	B_181	62	70	108	38
ARSINEG	2	166	1	11	3	6	223926_A	199	B_229	53	60	89	29
ARSINEG	2	167	1	11	3	7	220654	187	B_46	58	65	96	31
ARSINEG	2	168	1	11	3	8	242098_B	232	B_278	54	61	91	30
ARSINEG	2	169	1	11	3	9	233040_A	220	B_248	62	70	103	33
ARSINEG	2	170	1	11	3	10	234307_A	226	B_251	57	64	96	32
ARSINEG	2	171	1	11	3	11	17663	53	B_23	42	50	80	30
ARSINEG	2	172	1	11	3	12	235525_A	239	B_260	57	64	99	35
ARSINEG	2	173	1	11	3	13	235265_B	236	B_259	50	57	85	28
ARSINEG	2	174	1	11	3	14	24639_B	289	B_129	87	97	127	30
ARSINEG	2	175	1	11	3	15	230619_B	209	B_237	47	53	81	28
ARSINEG	2	176	1	11	3	16	18330_A	63	B_116	58	67	104	37
ARSINEG	2	177	1	12	3	17	239519_B	262	B_274	49	56	87	31
ARSINEG	2	178	1	12	3	18	4495	16	B_4	43	51	81	30
ARSINEG	2	179	1	12	3	19	18327	62	B_25	44	52	81	29
ARSINEG	2	180	1	12	3	20	213523_A	141	B_245	57	64	100	36
ARSINEG	2	181	1	12	3	21	24956_A	78	B_132	56	63	104	41
ARSINEG	2	182	1	12	3	22	223926_B	200	B_230	52	59	92	33
ARSINEG	2	183	1	12	3	23	24620_A	70	B_124	51	58	93	35
ARSINEG	2	184	1	12	3	24	15281	21	B_6	52	59	89	30
ARSINEG	2	185	1	12	3	25	18330_B	269	B_117	57	64	101	37
ARSINEG	2	186	1	12	3	26	202676_A	115	B_164	51	58	87	29
ARSINEG	2	187	1	12	3	27	237361_A	258	B_272	50	57	88	31
ARSINEG	2	188	1	12	3	28	1740_A	3	B_79	52	59	88	29
ARSINEG	2	189	1	12	3	29	208841_B	127	B_172	59	67	98	31
ARSINEG	2	190	1	12	3	30	Fanaka	306	B_305	56	64	99	35
ARSINEG	2	191	1	12	3	31	64336_A	110	B_161	46	52	82	30
ARSINEG	2	192	1	12	3	32	202850_B	118	B_166	51	58	91	33
ARSINEG	2	193	1	13	3	33	16805	31	B_11	59	66	100	34
ARSINEG	2	194	1	13	3	34	16858_A	34	B_99	64	69	106	37
ARSINEG	2	195	1	13	3	35	237339	255	B_66	47	54	83	29
ARSINEG	2	196	1	13	3	36	Ardu_12_60B	298	B_295	67	76	108	32
ARSINEG	2	197	1	13	3	37	Shege	301	B_319	72	78	116	38
ARSINEG	2	198	1	13	3	38	237346_B	257	B_271	49	57	83	26
ARSINEG	2	199	1	13	3	39	64065_C	91	B_143	58	66	102	36
ARSINEG	2	200	1	13	3	40	235546_A	242	B_263	59	65	104	39
ARSINEG	2	201	1	13	3	41	243209_A	263	B_284	62	70	105	35
ARSINEG	2	202	1	13	3	42	237324	252	B_64	43	50	82	32
ARSINEG	2	203	1	13	3	43	234300	224	B_55	43	51	82	31
ARSINEG	2	204	1	13	3	44	202717_A	116	B_165	48	56	85	29
ARSINEG	2	205	1	13	3	45	242574	274	B_72	51	58	93	35
ARSINEG	2	206	1	13	3	46	230500_A	206	B_234	56	63	93	30
ARSINEG	2	207	1	13	3	47	235105_B	231	B_257	57	65	102	37
ARSINEG	2	208	1	13	3	48	235056_A	268	B_255	55	62	98	36
ARSINEG	2	209	1	14	3	49	17688_A	56	B_110	58	66	101	35
ARSINEG	2	210	1	14	3	50	1611_A	1	B_78	46	51	81	30
ARSINEG	2	211	1	14	3	51	238360	261	B_68	82	93	126	33
ARSINEG	2	212	1	14	3	52	235544_A	241	B_262	60	67	107	40
ARSINEG	2	213	1	14	3	53	230814_A	214	B_242	57	64	94	30
ARSINEG	2	214	1	14	3	54	230654_B	213	B_241	48	55	84	29
ARSINEG	2	215	1	14	3	55	216994	159	B_40	56	62	96	34
ARSINEG	2	216	1	14	3	56	216008_A	154	B_196	74	84	116	32
ARSINEG	2	217	1	14	3	57	202631_A	113	B_163	48	55	83	28
ARSINEG	2	218	1	14	3	58	232216	217	B_51	47	54	83	29
ARSINEG	2	219	1	14	3	59	215228_A	146	B_188	51	58	87	29
ARSINEG	2	220	1	14	3	60	24955_B	77	B_131	58	64	100	36
ARSINEG	2	221	1	14	3	61	242099_B	272	B_279	57	65	96	31
ARSINEG	2	222	1	14	3	62	17252_C	47	B_106	52	61	89	28
ARSINEG	2	223	1	14	3	63	223182_A	196	B_227	69	75	106	31
ARSINEG	2	224	1	14	3	64	1773_C	5	B_81	84	91	125	34
ARSINEG	2	225	1	15	3	65	Bekoji_1	313	B_298	62	71	104	33
ARSINEG	2	226	1	15	3	66	234293	222	B_53	43	52	81	29
ARSINEG	2	227	1	15	3	67	18304_C	60	B_114	47	54	83	29
ARSINEG	2	228	1	15	3	68	24970	82	B_28	60	68	107	39
ARSINEG	2	229	1	15	3	69	16862_A	36	B_101	62	68	104	36
ARSINEG	2	230	1	15	3	70	212959_A	139	B_183	55	62	92	30
ARSINEG	2	231	1	15	3	71	24636	74	B_27	54	61	94	33
ARSINEG	2	232	1	15	3	72	216997	160	B_41	55	64	91	27
ARSINEG	2	233	1	15	3	73	212959_B	140	B_184	59	65	97	32
ARSINEG	2	234	1	15	3	74	204677	120	B_35	59	66	96	30
ARSINEG	2	235	1	15	3	75	64111_B	94	B_146	70	78	110	32
ARSINEG	2	236	1	15	3	76	Dimtu	307	B_301	70	76	110	34
ARSINEG	2	237	1	15	3	77	234308_A	227	B_252	51	58	89	31
ARSINEG	2	238	1	15	3	78	18378_B	65	B_120	64	71	101	30
ARSINEG	2	239	1	15	3	79	223168_C	194	B_225	52	59	90	31
ARSINEG	2	240	1	15	3	80	16867	38	B_14	52	59	90	31
ARSINEG	2	241	1	16	4	80	220743_A	188	B_220	58	65	102	37
ARSINEG	2	242	1	16	4	79	218969_A	163	B_199	48	55	84	29
ARSINEG	2	243	1	16	4	78	212504_A	134	B_178	59	66	97	31
ARSINEG	2	244	1	16	4	77	219578_A	175	B_211	62	69	103	34
ARSINEG	2	245	1	16	4	76	220345	185	B_44	56	63	94	31
ARSINEG	2	246	1	16	4	75	243203_A	280	B_283	58	66	101	35
ARSINEG	2	247	1	16	4	74	230814_B	215	B_243	58	64	95	31
ARSINEG	2	248	1	16	4	73	230612_B	207	B_235	47	55	85	30
ARSINEG	2	249	1	16	4	72	18294_C	267	B_112	54	60	100	4
ARSINEG	2	250	1	16	4	71	17146	41	B_16	60	67	98	31
ARSINEG	2	251	1	16	4	70	Misrach	315	B_318	56	63	94	31
ARSINEG	2	252	1	16	4	69	215696_A	152	B_194	49	56	85	29
ARSINEG	2	253	1	16	4	68	4051_A	11	B_86	55	60	92	32
ARSINEG	2	254	1	16	4	67	221325	190	B_47	44	51	82	31
ARSINEG	2	255	1	16	4	66	237021	251	B_63	48	55	84	29
ARSINEG	2	256	1	16	4	65	243611	292	B_76	41	49	80	31
ARSINEG	2	257	1	17	4	64	234312_B	228	B_253	51	58	91	33
ARSINEG	2	258	1	17	4	63	18302_A	59	B_113	43	52	82	30
ARSINEG	2	259	1	17	4	62	208905_B	132	B_177	63	70	105	35
ARSINEG	2	260	1	17	4	61	243565_A	288	B_292	56	63	97	34
ARSINEG	2	261	1	17	4	60	204686	121	B_36	56	63	93	30
ARSINEG	2	262	1	17	4	59	HB_1307	303	B_309	64	71	111	40
ARSINEG	2	263	1	17	4	58	3545_D	10	B_85	57	64	97	33
ARSINEG	2	264	1	17	4	57	237015	249	B_62	69	76	108	32
ARSINEG	2	265	1	17	4	56	208842_A	128	B_173	65	72	103	31
ARSINEG	2	266	1	17	4	55	219612_B	183	B_218	59	66	100	34
ARSINEG	2	267	1	17	4	54	16739_B	27	B_96	59	66	99	33
ARSINEG	2	268	1	17	4	53	223168_A	193	B_224	47	55	84	29
ARSINEG	2	269	1	17	4	52	242571	273	B_71	43	52	81	29
ARSINEG	2	270	1	17	4	51	64172_B	103	B_155	50	57	89	32
ARSINEG	2	271	1	17	4	50	234302_A	225	B_250	50	57	88	31
ARSINEG	2	272	1	17	4	49	208845_A	129	B_174	50	57	90	33
ARSINEG	2	273	1	18	4	48	24639_A	75	B_128	75	81	116	35
ARSINEG	2	274	1	18	4	47	232356	218	B_52	52	59	90	31
ARSINEG	2	275	1	18	4	46	220790_D	189	B_221	65	71	104	33
ARSINEG	2	276	1	18	4	45	24987_B	86	B_139	60	67	102	35
ARSINEG	2	277	1	18	4	44	242069	265	B_70	40	48	78	30
ARSINEG	2	278	1	18	4	43	219576_D	174	B_210	48	55	84	29
ARSINEG	2	279	1	18	4	42	3514_A	7	B_82	60	65	104	39
ARSINEG	2	280	1	18	4	41	219055_A	166	B_202	54	61	92	31
ARSINEG	2	281	1	18	4	40	232365_A	219	B_247	57	64	95	31
ARSINEG	2	282	1	18	4	39	243407_A	285	B_289	56	63	98	35
ARSINEG	2	283	1	18	4	38	235116_B	233	B_258	65	72	108	36
ARSINEG	2	284	1	18	4	37	219185_A	169	B_205	56	64	94	30
ARSINEG	2	285	1	18	4	36	225980_B	203	B_232	56	63	94	31
ARSINEG	2	286	1	18	4	35	1773_B	4	B_80	76	86	112	26
ARSINEG	2	287	1	18	4	34	16753	29	B_9	43	51	82	31
ARSINEG	2	288	1	18	4	33	64026_A	90	B_142	44	52	82	30
ARSINEG	2	289	1	19	4	32	HB_1533	320	B_310	49	58	89	31
ARSINEG	2	290	1	19	4	31	16755	30	B_10	49	56	84	28
ARSINEG	2	291	1	19	4	30	24617_A	69	B_123	47	54	82	28
ARSINEG	2	292	1	19	4	29	17145	40	B_15	48	55	84	29
ARSINEG	2	293	1	19	4	28	242580_A	277	B_281	51	58	89	31
ARSINEG	2	294	1	19	4	27	64134_A	96	B_148	54	61	95	34
ARSINEG	2	295	1	19	4	26	215244_A	148	B_190	60	68	108	40
ARSINEG	2	296	1	19	4	25	236823_A	247	B_266	64	70	106	36
ARSINEG	2	297	1	19	4	24	213523_B	142	B_246	51	58	88	30
ARSINEG	2	298	1	19	4	23	235267	237	B_58	44	52	82	30
ARSINEG	2	299	1	19	4	22	230631_A	211	B_239	49	56	87	31
ARSINEG	2	300	1	19	4	21	243410_B	287	B_291	56	63	93	30
ARSINEG	2	301	1	19	4	20	243273_A	282	B_286	65	74	113	39
ARSINEG	2	302	1	19	4	19	17257	49	B_20	45	53	81	28
ARSINEG	2	303	1	19	4	18	234295	223	B_54	45	53	82	29
ARSINEG	2	304	1	19	4	17	64165_B	101	B_153	53	60	93	33
ARSINEG	2	305	1	20	4	16	238348	259	B_67	45	53	84	31
ARSINEG	2	306	1	20	4	15	235551_C	244	B_265	57	64	95	31
ARSINEG	2	307	1	20	4	14	24988_A	87	B_140	60	68	104	36
ARSINEG	2	308	1	20	4	13	Explorer	300	B_304	57	65	104	39
ARSINEG	2	309	1	20	4	12	242070_C	266	B_275	44	52	82	30
ARSINEG	2	310	1	20	4	11	Holker	316	B_314	59	67	104	37
ARSINEG	2	311	1	20	4	10	1826	6	B_2	52	57	87	30
ARSINEG	2	312	1	20	4	9	202526_A	111	B_162	65	74	107	33
ARSINEG	2	313	1	20	4	8	237335_B	254	B_269	55	63	99	36
ARSINEG	2	314	1	20	4	7	17651	50	B_21	48	55	84	29
ARSINEG	2	315	1	20	4	6	64144_C	99	B_151	59	66	106	40
ARSINEG	2	316	1	20	4	5	213594_A	144	B_186	69	76	111	35
ARSINEG	2	317	1	20	4	4	215474_B	151	B_193	49	56	83	27
ARSINEG	2	318	1	20	4	3	219026_A	164	B_200	47	55	82	27
ARSINEG	2	319	1	20	4	2	64165_A	100	B_152	54	61	90	29
ARSINEG	2	320	1	20	4	1	18382_A	66	B_121	57	64	96	32
ARSINEG	2	321	2	1	5	1	EH_1847	308	B_303	53	60	98	38
ARSINEG	2	322	2	1	5	2	219581_A	178	B_214	59	67	101	34
ARSINEG	2	323	2	1	5	3	17651	50	B_21	47	55	82	27
ARSINEG	2	324	2	1	5	4	234293	222	B_53	44	53	82	29
ARSINEG	2	325	2	1	5	5	219178_A	167	B_203	54	61	91	30
ARSINEG	2	326	2	1	5	6	213527_A	143	B_185	47	53	82	29
ARSINEG	2	327	2	1	5	7	A_hore_880/61	294	B_294	64	72	111	39
ARSINEG	2	328	2	1	5	8	230612_B	207	B_235	48	55	84	29
ARSINEG	2	329	2	1	5	9	24985_B	84	B_137	49	58	85	27
ARSINEG	2	330	2	1	5	10	235105_B	231	B_257	58	66	104	38
ARSINEG	2	331	2	1	5	11	225980_B	203	B_232	57	64	99	35
ARSINEG	2	332	2	1	5	12	238360	261	B_68	84	93	126	33
ARSINEG	2	333	2	1	5	13	17251_A	46	B_105	42	50	81	31
ARSINEG	2	334	2	1	5	14	16866	37	B_13	63	69	101	32
ARSINEG	2	335	2	1	5	15	1740_A	3	B_79	55	60	90	30
ARSINEG	2	336	2	1	5	16	243247_A	281	B_285	57	64	98	34
ARSINEG	2	337	2	2	5	17	229796	204	B_50	63	70	104	34
ARSINEG	2	338	2	2	5	18	17658	51	B_22	44	51	81	30
ARSINEG	2	339	2	2	5	19	17146	41	B_16	59	66	101	35
ARSINEG	2	340	2	2	5	20	Gobe	311	B_306	52	59	98	39
ARSINEG	2	341	2	2	5	21	64134_C	97	B_149	59	67	101	34
ARSINEG	2	342	2	2	5	22	216994	159	B_40	54	61	94	33
ARSINEG	2	343	2	2	5	23	17249	45	B_18	40	48	78	30
ARSINEG	2	344	2	2	5	24	Shege	301	B_319	72	77	117	40
ARSINEG	2	345	2	2	5	25	15281	21	B_6	50	57	87	30
ARSINEG	2	346	2	2	5	26	64068_B	93	B_145	57	64	94	30
ARSINEG	2	347	2	2	5	27	Balemi	314	B_297	69	76	111	35
ARSINEG	2	348	2	2	5	28	219612_B	183	B_218	60	67	102	35
ARSINEG	2	349	2	2	5	29	64257_B	107	B_159	47	55	81	26
ARSINEG	2	350	2	2	5	30	Explorer	300	B_304	58	66	101	35
ARSINEG	2	351	2	2	5	31	213523_B	142	B_246	53	60	88	28
ARSINEG	2	352	2	2	5	32	64334	109	B_30	45	52	82	30
ARSINEG	2	353	2	3	5	33	242576_A	275	B_280	48	55	84	29
ARSINEG	2	354	2	3	5	34	234302_A	225	B_250	50	57	86	29
ARSINEG	2	355	2	3	5	35	4540_A	17	B_90	45	52	81	29
ARSINEG	2	356	2	3	5	36	220345	185	B_44	54	61	91	30
ARSINEG	2	357	2	3	5	37	223182_A	196	B_227	65	72	106	34
ARSINEG	2	358	2	3	5	38	16737_B	25	B_94	59	66	101	35
ARSINEG	2	359	2	3	5	39	24620_A	70	B_124	53	60	94	34
ARSINEG	2	360	2	3	5	40	212947_A	137	B_181	63	71	110	39
ARSINEG	2	361	2	3	5	41	237346_A	256	B_270	48	55	84	29
ARSINEG	2	362	2	3	5	42	215228_B	147	B_189	54	61	92	31
ARSINEG	2	363	2	3	5	43	208816_A	123	B_168	63	70	105	35
ARSINEG	2	364	2	3	5	44	243312_B	284	B_288	68	76	112	36
ARSINEG	2	365	2	3	5	45	235090_B	230	B_256	51	58	88	30
ARSINEG	2	366	2	3	5	46	230500_A	206	B_234	53	60	91	31
ARSINEG	2	367	2	3	5	47	234308_A	227	B_252	49	57	88	31
ARSINEG	2	368	2	3	5	48	219576_D	174	B_210	48	56	84	28
ARSINEG	2	369	2	4	5	49	17148	42	B_17	66	73	110	37
ARSINEG	2	370	2	4	5	50	215696_A	152	B_194	48	55	86	31
ARSINEG	2	371	2	4	5	51	24622_B	71	B_125	43	51	82	31
ARSINEG	2	372	2	4	5	52	237335_B	254	B_269	56	63	99	36
ARSINEG	2	373	2	4	5	53	235267	237	B_58	43	51	84	33
ARSINEG	2	374	2	4	5	54	HB_1964	310	B_307	56	63	97	34
ARSINEG	2	375	2	4	5	55	243410_A	286	B_290	57	64	97	33
ARSINEG	2	376	2	4	5	56	24612_B	68	B_122	43	51	84	33
ARSINEG	2	377	2	4	5	57	208905_B	132	B_177	59	67	101	34
ARSINEG	2	378	2	4	5	58	18294_A	58	B_111	57	64	97	33
ARSINEG	2	379	2	4	5	59	24636	74	B_27	53	60	91	31
ARSINEG	2	380	2	4	5	60	232216	217	B_51	45	53	83	30
ARSINEG	2	381	2	4	5	61	235525_A	239	B_260	59	66	100	34
ARSINEG	2	382	2	4	5	62	17685_B	55	B_109	65	72	111	39
ARSINEG	2	383	2	4	5	63	24987_B	86	B_139	64	71	105	34
ARSINEG	2	384	2	4	5	64	16805	31	B_11	60	66	102	36
ARSINEG	2	385	2	5	5	65	Misrach	315	B_318	56	63	94	31
ARSINEG	2	386	2	5	5	66	230654_B	213	B_241	48	55	87	32
ARSINEG	2	387	2	5	5	67	243410_B	287	B_291	55	63	97	34
ARSINEG	2	388	2	5	5	68	217176	162	B_43	50	57	86	29
ARSINEG	2	389	2	5	5	69	239519_B	262	B_274	49	56	89	33
ARSINEG	2	390	2	5	5	70	24639_B	289	B_129	90	100	127	27
ARSINEG	2	391	2	5	5	71	208903_A	130	B_175	43	51	81	30
ARSINEG	2	392	2	5	5	72	16727	24	B_8	62	67	98	31
ARSINEG	2	393	2	5	5	73	222969_A	191	B_222	59	67	106	39
ARSINEG	2	394	2	5	5	74	220790_D	189	B_221	66	72	102	30
ARSINEG	2	395	2	5	5	75	238348	259	B_67	43	52	87	35
ARSINEG	2	396	2	5	5	76	212959_A	139	B_183	58	65	98	33
ARSINEG	2	397	2	5	5	77	208836_D	124	B_169	59	66	104	38
ARSINEG	2	398	2	5	5	78	235056_B	229	B_254	56	63	92	29
ARSINEG	2	399	2	5	5	79	238349_B	260	B_273	59	66	100	34
ARSINEG	2	400	2	5	5	80	16739_B	27	B_96	60	67	101	34
ARSINEG	2	401	2	6	6	80	24965_A	79	B_133	55	61	89	28
ARSINEG	2	402	2	6	6	79	64144_B	98	B_150	65	72	113	41
ARSINEG	2	403	2	6	6	78	16753	29	B_9	49	55	86	31
ARSINEG	2	404	2	6	6	77	230631_A	211	B_239	53	60	91	31
ARSINEG	2	405	2	6	6	76	215456_A	150	B_192	50	58	89	31
ARSINEG	2	406	2	6	6	75	233040_B	221	B_249	57	64	98	34
ARSINEG	2	407	2	6	6	74	18382_A	66	B_121	58	66	101	35
ARSINEG	2	408	2	6	6	73	Bekoji_1	313	B_298	64	71	106	35
ARSINEG	2	409	2	6	6	72	242578	276	B_73	45	53	83	30
ARSINEG	2	410	2	6	6	71	3545_D	10	B_85	57	64	101	37
ARSINEG	2	411	2	6	6	70	16737_E	26	B_95	64	72	106	34
ARSINEG	2	412	2	6	6	69	219178_B	168	B_204	55	63	93	30
ARSINEG	2	413	2	6	6	68	243203_A	280	B_283	55	64	100	36
ARSINEG	2	414	2	6	6	67	24955_B	77	B_131	59	67	103	36
ARSINEG	2	415	2	6	6	66	235541_A	240	B_261	62	69	104	35
ARSINEG	2	416	2	6	6	65	242582	278	B_74	44	52	82	30
ARSINEG	2	417	2	7	6	64	15273_A	20	B_92	53	60	90	30
ARSINEG	2	418	2	7	6	63	18304_C	60	B_114	50	57	86	29
ARSINEG	2	419	2	7	6	62	24965_C	80	B_134	64	72	112	40
ARSINEG	2	420	2	7	6	61	24617_A	69	B_123	43	52	82	30
ARSINEG	2	421	2	7	6	60	237361_A	258	B_272	54	61	92	31
ARSINEG	2	422	2	7	6	59	242069	265	B_70	39	48	79	31
ARSINEG	2	423	2	7	6	58	64176_B	104	B_156	48	56	89	33
ARSINEG	2	424	2	7	6	57	243567_A	291	B_293	52	61	93	32
ARSINEG	2	425	2	7	6	56	219584_A	180	B_215	54	61	97	36
ARSINEG	2	426	2	7	6	55	237329	253	B_65	57	64	94	30
ARSINEG	2	427	2	7	6	54	243611	292	B_76	43	48	79	31
ARSINEG	2	428	2	7	6	53	230616_A	208	B_236	48	55	86	31
ARSINEG	2	429	2	7	6	52	202526_A	111	B_162	65	72	108	36
ARSINEG	2	430	2	7	6	51	64065_C	91	B_143	63	70	105	35
ARSINEG	2	431	2	7	6	50	208836_E	125	B_170	63	69	107	38
ARSINEG	2	432	2	7	6	49	17252_C	47	B_106	54	61	93	32
ARSINEG	2	433	2	8	6	48	64180_A	105	B_157	48	55	86	31
ARSINEG	2	434	2	8	6	47	235546_A	242	B_263	63	71	108	37
ARSINEG	2	435	2	8	6	46	64172_A	102	B_154	51	58	90	32
ARSINEG	2	436	2	8	6	45	64165_A	100	B_152	54	61	96	35
ARSINEG	2	437	2	8	6	44	233040_A	220	B_248	65	72	105	33
ARSINEG	2	438	2	8	6	43	24967_C	81	B_135	58	67	106	39
ARSINEG	2	439	2	8	6	42	4492_D	15	B_89	60	66	104	38
ARSINEG	2	440	2	8	6	41	217001	161	B_42	49	58	87	29
ARSINEG	2	441	2	8	6	40	218969_A	163	B_199	48	55	87	32
ARSINEG	2	442	2	8	6	39	242580_A	277	B_281	53	60	86	26
ARSINEG	2	443	2	8	6	38	18356_A	64	B_119	55	62	98	36
ARSINEG	2	444	2	8	6	37	202850_B	118	B_166	51	58	91	33
ARSINEG	2	445	2	8	6	36	219185_A	169	B_205	57	64	98	34
ARSINEG	2	446	2	8	6	35	235551_B	243	B_264	59	66	103	37
ARSINEG	2	447	2	8	6	34	17688_A	56	B_110	60	67	100	33
ARSINEG	2	448	2	8	6	33	Dimtu	307	B_301	72	78	114	36
ARSINEG	2	449	2	9	6	32	18330_B	269	B_117	58	65	100	35
ARSINEG	2	450	2	9	6	31	230814_B	215	B_243	56	63	94	31
ARSINEG	2	451	2	9	6	30	216997	160	B_41	53	60	89	29
ARSINEG	2	452	2	9	6	29	216935	156	B_38	67	73	108	35
ARSINEG	2	453	2	9	6	28	64172_B	103	B_155	50	57	88	31
ARSINEG	2	454	2	9	6	27	219580_A	177	B_213	66	73	110	37
ARSINEG	2	455	2	9	6	26	64003_A	89	B_141	59	66	104	38
ARSINEG	2	456	2	9	6	25	16755	30	B_10	53	58	87	29
ARSINEG	2	457	2	9	6	24	237020_A	250	B_268	48	58	87	29
ARSINEG	2	458	2	9	6	23	3514_A	7	B_82	60	65	104	39
ARSINEG	2	459	2	9	6	22	242093_A	270	B_276	72	85	118	33
ARSINEG	2	460	2	9	6	21	3514_C	8	B_83	44	49	81	32
ARSINEG	2	461	2	9	6	20	243209_A	263	B_284	64	71	108	37
ARSINEG	2	462	2	9	6	19	Bahati	312	B_296	54	60	101	41
ARSINEG	2	463	2	9	6	18	HB_1963	302	B_311	64	71	111	40
ARSINEG	2	464	2	9	6	17	17663	53	B_23	44	52	83	31
ARSINEG	2	465	2	10	6	16	HB_1307	303	B_309	65	71	110	39
ARSINEG	2	466	2	10	6	15	222969_C	192	B_223	67	73	107	34
ARSINEG	2	467	2	10	6	14	17661_A	52	B_107	48	55	85	30
ARSINEG	2	468	2	10	6	13	18330_A	63	B_116	59	67	102	35
ARSINEG	2	469	2	10	6	12	219026_A	164	B_200	48	54	83	29
ARSINEG	2	470	2	10	6	11	64111_B	94	B_146	70	77	111	34
ARSINEG	2	471	2	10	6	10	18330_D	179	B_118	56	63	99	36
ARSINEG	2	472	2	10	6	9	216799_A	155	B_197	54	61	93	32
ARSINEG	2	473	2	10	6	8	223926_B	200	B_230	54	61	92	31
ARSINEG	2	474	2	10	6	7	223182_B	197	B_228	64	71	103	32
ARSINEG	2	475	2	10	6	6	219326_B	171	B_207	49	58	86	28
ARSINEG	2	476	2	10	6	5	237003_B	248	B_267	53	60	91	31
ARSINEG	2	477	2	10	6	4	202717_A	116	B_165	53	60	90	30
ARSINEG	2	478	2	10	6	3	4051_A	11	B_86	53	57	91	34
ARSINEG	2	479	2	10	6	2	64134_A	96	B_148	56	64	97	33
ARSINEG	2	480	2	10	6	1	243193_A	279	B_282	52	61	95	34
ARSINEG	2	481	2	11	7	1	Fanaka	306	B_305	59	67	103	36
ARSINEG	2	482	2	11	7	2	223174_A	195	B_226	67	72	106	34
ARSINEG	2	483	2	11	7	3	1773_C	5	B_81	85	95	126	31
ARSINEG	2	484	2	11	7	4	221325	190	B_47	48	53	82	29
ARSINEG	2	485	2	11	7	5	235265_B	236	B_259	52	59	90	31
ARSINEG	2	486	2	11	7	6	17145	40	B_15	50	57	87	3
ARSINEG	2	487	2	11	7	7	1773_B	4	B_80	72	84	117	33
ARSINEG	2	488	2	11	7	8	242070_C	266	B_275	45	53	82	29
ARSINEG	2	489	2	11	7	9	242571	273	B_71	47	53	82	29
ARSINEG	2	490	2	11	7	10	242098_A	271	B_277	55	63	94	31
ARSINEG	2	491	2	11	7	11	243307_A	283	B_287	42	50	81	31
ARSINEG	2	492	2	11	7	12	204802_B	122	B_167	73	80	114	34
ARSINEG	2	493	2	11	7	13	235262	235	B_57	45	53	82	29
ARSINEG	2	494	2	11	7	14	219026_B	165	B_201	47	54	83	29
ARSINEG	2	495	2	11	7	15	242574	274	B_72	54	61	93	32
ARSINEG	2	496	2	11	7	16	223168_C	194	B_225	51	58	89	31
ARSINEG	2	497	2	12	7	17	202631_A	113	B_163	48	56	85	29
ARSINEG	2	498	2	12	7	18	225980_A	202	B_231	58	64	96	32
ARSINEG	2	499	2	12	7	19	HB__1966	319	B_308	63	70	106	36
ARSINEG	2	500	2	12	7	20	219578_A	175	B_211	60	67	100	33
ARSINEG	2	501	2	12	7	21	24974_A	83	B_136	47	54	83	29
ARSINEG	2	502	2	12	7	22	215244_A	148	B_190	60	67	110	43
ARSINEG	2	503	2	12	7	23	215474_B	151	B_193	49	54	85	31
ARSINEG	2	504	2	12	7	24	241788	264	B_69	58	65	100	35
ARSINEG	2	505	2	12	7	25	237339	255	B_66	49	56	85	29
ARSINEG	2	506	2	12	7	26	243566	290	B_75	43	52	83	31
ARSINEG	2	507	2	12	7	27	24639_A	75	B_128	75	84	117	33
ARSINEG	2	508	2	12	7	28	15271	19	B_5	44	51	82	31
ARSINEG	2	509	2	12	7	29	64336_A	110	B_161	43	51	83	32
ARSINEG	2	510	2	12	7	30	234312_B	228	B_253	48	55	86	31
ARSINEG	2	511	2	12	7	31	212959_B	140	B_184	55	62	93	31
ARSINEG	2	512	2	12	7	32	Travller	304	B_320	60	68	110	42
ARSINEG	2	513	2	13	7	33	17689	57	B_24	43	52	82	30
ARSINEG	2	514	2	13	7	34	223168_A	193	B_224	47	54	83	29
ARSINEG	2	515	2	13	7	35	213594_A	144	B_186	68	76	112	36
ARSINEG	2	516	2	13	7	36	237021	251	B_63	48	55	84	29
ARSINEG	2	517	2	13	7	37	235056_A	268	B_255	54	61	94	33
ARSINEG	2	518	2	13	7	38	18378_B	65	B_120	60	67	99	32
ARSINEG	2	519	2	13	7	39	232356	218	B_52	56	63	99	36
ARSINEG	2	520	2	13	7	40	17244_A	43	B_103	56	63	94	31
ARSINEG	2	521	2	13	7	41	Derebie	309	B_300	54	61	97	36
ARSINEG	2	522	2	13	7	42	17254	48	B_19	37	46	77	31
ARSINEG	2	523	2	13	7	43	4051_C	12	B_87	54	63	98	35
ARSINEG	2	524	2	13	7	44	242098_B	232	B_278	51	58	88	30
ARSINEG	2	525	2	13	7	45	230815_A	216	B_244	51	58	88	30
ARSINEG	2	526	2	13	7	46	208841_B	127	B_172	57	65	96	31
ARSINEG	2	527	2	13	7	47	202642	114	B_32	47	54	83	29
ARSINEG	2	528	2	13	7	48	16726_A	23	B_93	60	67	101	34
ARSINEG	2	529	2	14	7	49	18294_C	267	B_112	60	67	99	32
ARSINEG	2	530	2	14	7	50	242099_B	272	B_279	60	68	99	31
ARSINEG	2	531	2	14	7	51	Ibon174/03	318	B_316	54	61	94	33
ARSINEG	2	532	2	14	7	52	219578_B	176	B_212	56	63	96	33
ARSINEG	2	533	2	14	7	53	HB_42	299	B_313	89	101	132	31
ARSINEG	2	534	2	14	7	54	208842_A	128	B_173	68	75	104	29
ARSINEG	2	535	2	14	7	55	230631_C	212	B_240	49	58	86	28
ARSINEG	2	536	2	14	7	56	64165_B	101	B_153	55	62	98	36
ARSINEG	2	537	2	14	7	57	202560	112	B_31	49	58	87	29
ARSINEG	2	538	2	14	7	58	223191	198	B_48	47	53	84	31
ARSINEG	2	539	2	14	7	59	15284	22	B_7	52	59	91	32
ARSINEG	2	540	2	14	7	60	18905	67	B_26	55	63	96	33
ARSINEG	2	541	2	14	7	61	243614	293	B_77	45	52	82	30
ARSINEG	2	542	2	14	7	62	212947_D	138	B_182	59	67	99	32
ARSINEG	2	543	2	14	7	63	232365_A	219	B_247	60	68	99	31
ARSINEG	2	544	2	14	7	64	237324	252	B_64	46	53	84	31
ARSINEG	2	545	2	15	7	65	16867	38	B_14	48	56	86	30
ARSINEG	2	546	2	15	7	66	1826	6	B_2	48	53	86	33
ARSINEG	2	547	2	15	7	67	234300	224	B_55	45	52	83	31
ARSINEG	2	548	2	15	7	68	243273_A	282	B_286	69	76	111	35
ARSINEG	2	549	2	15	7	69	213523_A	141	B_245	59	67	103	36
ARSINEG	2	550	2	15	7	70	219611_A	181	B_216	71	78	107	29
ARSINEG	2	551	2	15	7	71	215217_A	145	B_187	52	60	92	32
ARSINEG	2	552	2	15	7	72	216954_A	157	B_198	64	72	105	33
ARSINEG	2	553	2	15	7	73	215698_B	153	B_195	56	63	95	32
ARSINEG	2	554	2	15	7	74	24641_A	76	B_130	58	65	99	34
ARSINEG	2	555	2	15	7	75	64068_A	92	B_144	58	66	99	33
ARSINEG	2	556	2	15	7	76	220347	186	B_45	51	58	88	30
ARSINEG	2	557	2	15	7	77	235284	238	B_59	45	53	82	29
ARSINEG	2	558	2	15	7	78	219055_A	166	B_202	56	65	96	31
ARSINEG	2	559	2	15	7	79	16858_B	35	B_100	61	67	100	33
ARSINEG	2	560	2	15	7	80	3545_C	9	B_84	57	64	103	39
ARSINEG	2	561	2	16	8	80	24970	82	B_28	63	70	109	39
ARSINEG	2	562	2	16	8	79	220654	187	B_46	60	67	103	36
ARSINEG	2	563	2	16	8	78	202833	117	B_33	59	66	97	31
ARSINEG	2	564	2	16	8	77	1611_A	1	B_78	45	51	82	31
ARSINEG	2	565	2	16	8	76	220743_A	188	B_220	59	67	100	33
ARSINEG	2	566	2	16	8	75	64233_C	106	B_158	48	57	90	33
ARSINEG	2	567	2	16	8	74	16858_A	34	B_99	70	76	115	39
ARSINEG	2	568	2	16	8	73	16855	33	B_12	69	76	112	36
ARSINEG	2	569	2	16	8	72	235551_C	244	B_265	58	65	97	32
ARSINEG	2	570	2	16	8	71	237015	249	B_62	68	75	110	35
ARSINEG	2	571	2	16	8	70	17257	49	B_20	45	52	82	30
ARSINEG	2	572	2	16	8	69	219612_A	182	B_217	68	75	111	36
ARSINEG	2	573	2	16	8	68	236821	246	B_61	54	61	89	28
ARSINEG	2	574	2	16	8	67	219616_A	184	B_219	59	67	103	36
ARSINEG	2	575	2	16	8	66	Cross_41/98	305	B_299	72	78	111	33
ARSINEG	2	576	2	16	8	65	15265_A	18	B_91	49	56	89	33
ARSINEG	2	577	2	17	8	64	234307_A	226	B_251	61	68	102	34
ARSINEG	2	578	2	17	8	63	219185_B	170	B_206	54	61	90	29
ARSINEG	2	579	2	17	8	62	237346_B	257	B_271	50	58	88	30
ARSINEG	2	580	2	17	8	61	236823_A	247	B_266	64	71	111	40
ARSINEG	2	581	2	17	8	60	212840_B	136	B_180	59	67	104	37
ARSINEG	2	582	2	17	8	59	230814_A	214	B_242	55	63	95	32
ARSINEG	2	583	2	17	8	58	64144_C	99	B_151	62	70	106	36
ARSINEG	2	584	2	17	8	57	1635	2	B_1	50	56	88	32
ARSINEG	2	585	2	17	8	56	236819	245	B_60	64	71	106	35
ARSINEG	2	586	2	17	8	55	4495	16	B_4	45	52	81	29
ARSINEG	2	587	2	17	8	54	17244_B	44	B_104	50	57	86	29
ARSINEG	2	588	2	17	8	53	235116_B	233	B_258	66	73	111	38
ARSINEG	2	589	2	17	8	52	229993_A	205	B_233	47	54	87	33
ARSINEG	2	590	2	17	8	51	203167	119	B_34	58	65	101	36
ARSINEG	2	591	2	17	8	50	219328_B	172	B_208	49	56	86	30
ARSINEG	2	592	2	17	8	49	208845_A	129	B_174	49	56	87	31
ARSINEG	2	593	2	18	8	48	208905_A	131	B_176	60	67	103	36
ARSINEG	2	594	2	18	8	47	215432_A	149	B_191	49	58	86	28
ARSINEG	2	595	2	18	8	46	208841_A	126	B_171	49	58	85	27
ARSINEG	2	596	2	18	8	45	202676_A	115	B_164	53	60	89	29
ARSINEG	2	597	2	18	8	44	16862_A	36	B_101	66	72	108	36
ARSINEG	2	598	2	18	8	43	16881_A	39	B_102	50	57	88	31
ARSINEG	2	599	2	18	8	42	64333_B	108	B_160	45	53	82	29
ARSINEG	2	600	2	18	8	41	64026_A	90	B_142	47	52	84	32
ARSINEG	2	601	2	18	8	40	243565_A	288	B_292	53	60	95	35
ARSINEG	2	602	2	18	8	39	Ardu_12_60B	298	B_295	69	76	110	34
ARSINEG	2	603	2	18	8	38	24988_A	87	B_140	59	66	102	36
ARSINEG	2	604	2	18	8	37	216008_A	154	B_196	71	78	111	33
ARSINEG	2	605	2	18	8	36	HB_1965	317	B_312	54	61	90	29
ARSINEG	2	606	2	18	8	35	17685_A	54	B_108	65	71	102	31
ARSINEG	2	607	2	18	8	34	24626_B	72	B_126	45	52	82	30
ARSINEG	2	608	2	18	8	33	16739_D	28	B_97	56	64	94	30
ARSINEG	2	609	2	19	8	32	225249	201	B_49	69	78	109	31
ARSINEG	2	610	2	19	8	31	24987_A	85	B_138	59	66	101	35
ARSINEG	2	611	2	19	8	30	64116_A	95	B_147	60	68	111	43
ARSINEG	2	612	2	19	8	29	243407_A	285	B_289	55	62	103	41
ARSINEG	2	613	2	19	8	28	EH_1493	296	B_302	67	74	122	48
ARSINEG	2	614	2	19	8	27	215228_A	146	B_188	55	62	91	29
ARSINEG	2	615	2	19	8	26	Holker	316	B_314	58	66	101	35
ARSINEG	2	616	2	19	8	25	18318_B	61	B_115	75	82	124	42
ARSINEG	2	617	2	19	8	24	4118	13	B_3	62	72	101	29
ARSINEG	2	618	2	19	8	23	212504_A	134	B_178	59	65	98	33
ARSINEG	2	619	2	19	8	22	204686	121	B_36	59	66	94	28
ARSINEG	2	620	2	19	8	21	18327	62	B_25	47	53	83	30
ARSINEG	2	621	2	19	8	20	234295	223	B_54	47	53	82	29
ARSINEG	2	622	2	19	8	19	216993	158	B_39	54	60	88	28
ARSINEG	2	623	2	19	8	18	24628_A	73	B_127	47	54	85	31
ARSINEG	2	624	2	19	8	17	230619_B	209	B_237	47	54	85	31
ARSINEG	2	625	2	20	8	16	219576_A	173	B_209	53	60	93	33
ARSINEG	2	626	2	20	8	15	24990	88	B_29	63	70	100	30
ARSINEG	2	627	2	20	8	14	208923	133	B_37	45	53	83	30
ARSINEG	2	628	2	20	8	13	212840_A	135	B_179	60	67	108	41
ARSINEG	2	629	2	20	8	12	16819_A	32	B_98	59	66	96	30
ARSINEG	2	630	2	20	8	11	24956_A	78	B_132	59	67	109	42
ARSINEG	2	631	2	20	8	10	235252	234	B_56	47	54	85	31
ARSINEG	2	632	2	20	8	9	235544_A	241	B_262	60	67	106	39
ARSINEG	2	633	2	20	8	8	204677	120	B_35	60	67	99	32
ARSINEG	2	634	2	20	8	7	223926_A	199	B_229	54	64	96	32
ARSINEG	2	635	2	20	8	6	IAR/H/485	297	B_315	70	77	110	33
ARSINEG	2	636	2	20	8	5	4492_A	14	B_88	60	68	100	32
ARSINEG	2	637	2	20	8	4	18302_A	59	B_113	45	52	83	31
ARSINEG	2	638	2	20	8	3	230629_A	210	B_238	47	56	87	31
ARSINEG	2	639	2	20	8	2	HB_1533	320	B_310	52	59	89	30
ARSINEG	2	640	2	20	8	1	Miscal_21	295	B_317	56	63	100	37
HOLLETA	2	1	1	1	1	1	202850_B	118	B_166	54	61	93	32
HOLLETA	2	2	1	1	1	2	208816_A	123	B_168	68	77	113	36
HOLLETA	2	3	1	1	1	3	243410_B	287	B_291	59	65	96	31
HOLLETA	2	4	1	1	1	4	219178_A	167	B_203	55	64	93	29
HOLLETA	2	5	1	1	1	5	17148	42	B_17	69	74	113	39
HOLLETA	2	6	1	1	1	6	216993	158	B_39	54	65	94	29
HOLLETA	2	7	1	1	1	7	202717_A	116	B_165	57	64	92	28
HOLLETA	2	8	1	1	1	8	16739_B	27	B_96	67	74	106	32
HOLLETA	2	9	1	1	1	9	64116_A	95	B_147	69	78	114	36
HOLLETA	2	10	1	1	1	10	219185_B	170	B_206	53	63	93	30
HOLLETA	2	11	1	1	1	11	24956_A	78	B_132	67	73	104	31
HOLLETA	2	12	1	1	1	12	24990	88	B_29	66	73	107	34
HOLLETA	2	13	1	1	1	13	237346_B	257	B_271	53	61	91	30
HOLLETA	2	14	1	1	1	14	24628_A	73	B_127	51	60	86	26
HOLLETA	2	15	1	1	1	15	17688_A	56	B_110	67	74	109	35
HOLLETA	2	16	1	1	1	16	208841_B	127	B_172	67	74	106	32
HOLLETA	2	17	1	2	1	17	64336_A	110	B_161	52	59	89	30
HOLLETA	2	18	1	2	1	18	215217_A	145	B_187	55	60	93	33
HOLLETA	2	19	1	2	1	19	235551_C	244	B_265	59	66	100	34
HOLLETA	2	20	1	2	1	20	242070_C	266	B_275	49	54	91	37
HOLLETA	2	21	1	2	1	21	212959_A	139	B_183	60	67	97	30
HOLLETA	2	22	1	2	1	22	229993_A	205	B_233	54	60	90	30
HOLLETA	2	23	1	2	1	23	234300	224	B_55	52	57	93	36
HOLLETA	2	24	1	2	1	24	223926_B	200	B_230	57	64	94	30
HOLLETA	2	25	1	2	1	25	204677	120	B_35	67	73	101	28
HOLLETA	2	26	1	2	1	26	17252_C	47	B_106	59	66	99	33
HOLLETA	2	27	1	2	1	27	64068_B	93	B_145	68	78	108	30
HOLLETA	2	28	1	2	1	28	17146	41	B_16	64	73	103	30
HOLLETA	2	29	1	2	1	29	Misrach	315	B_318	55	66	96	30
HOLLETA	2	30	1	2	1	30	234308_A	227	B_252	56	62	95	33
HOLLETA	2	31	1	2	1	31	223182_B	197	B_228	66	74	104	30
HOLLETA	2	32	1	2	1	32	237021	251	B_63	51	58	89	31
HOLLETA	2	33	1	3	1	33	Gobe	311	B_306	57	64	100	36
HOLLETA	2	34	1	3	1	34	64068_A	92	B_144	66	74	104	30
HOLLETA	2	35	1	3	1	35	219578_A	175	B_211	60	72	101	29
HOLLETA	2	36	1	3	1	36	217001	161	B_42	55	61	89	28
HOLLETA	2	37	1	3	1	37	242098_A	271	B_277	59	63	92	29
HOLLETA	2	38	1	3	1	38	219185_A	169	B_205	59	68	99	31
HOLLETA	2	39	1	3	1	39	212840_B	136	B_180	58	69	107	38
HOLLETA	2	40	1	3	1	40	215228_A	146	B_188	59	64	96	32
HOLLETA	2	41	1	3	1	41	235265_B	236	B_259	59	66	99	33
HOLLETA	2	42	1	3	1	42	223926_A	199	B_229	55	61	94	33
HOLLETA	2	43	1	3	1	43	243247_A	281	B_285	60	67	99	32
HOLLETA	2	44	1	3	1	44	208923	133	B_37	51	56	89	33
HOLLETA	2	45	1	3	1	45	243566	290	B_75	50	56	92	36
HOLLETA	2	46	1	3	1	46	17244_A	43	B_103	64	69	101	32
HOLLETA	2	47	1	3	1	47	237020_A	250	B_268	53	59	94	35
HOLLETA	2	48	1	3	1	48	17651	50	B_21	53	59	91	32
HOLLETA	2	49	1	4	1	49	1740_A	3	B_79	59	64	96	32
HOLLETA	2	50	1	4	1	50	64333_B	108	B_160	52	56	88	32
HOLLETA	2	51	1	4	1	51	234293	222	B_53	51	56	92	36
HOLLETA	2	52	1	4	1	52	243611	292	B_76	47	52	86	34
HOLLETA	2	53	1	4	1	53	17685_B	55	B_109	68	79	113	34
HOLLETA	2	54	1	4	1	54	243312_B	284	B_288	68	78	114	36
HOLLETA	2	55	1	4	1	55	241788	264	B_69	63	70	102	32
HOLLETA	2	56	1	4	1	56	16739_D	28	B_97	65	73	106	33
HOLLETA	2	57	1	4	1	57	242099_B	272	B_279	60	70	99	29
HOLLETA	2	58	1	4	1	58	64003_A	89	B_141	59	69	104	35
HOLLETA	2	59	1	4	1	59	208841_A	126	B_171	54	59	91	32
HOLLETA	2	60	1	4	1	60	3514_A	7	B_82	66	71	107	36
HOLLETA	2	61	1	4	1	61	219612_B	183	B_218	67	74	106	32
HOLLETA	2	62	1	4	1	62	3545_D	10	B_85	56	63	94	31
HOLLETA	2	63	1	4	1	63	15271	19	B_5	51	56	91	35
HOLLETA	2	64	1	4	1	64	3514_C	8	B_83	50	55	89	34
HOLLETA	2	65	1	5	1	65	230631_C	212	B_240	51	57	93	36
HOLLETA	2	66	1	5	1	66	17658	51	B_22	49	55	87	32
HOLLETA	2	67	1	5	1	67	223168_A	193	B_224	52	58	93	35
HOLLETA	2	68	1	5	1	68	208905_B	132	B_177	65	74	114	40
HOLLETA	2	69	1	5	1	69	64165_B	101	B_153	55	62	99	37
HOLLETA	2	70	1	5	1	70	215244_A	148	B_190	61	71	113	42
HOLLETA	2	71	1	5	1	71	Ibon174/03	318	B_316	51	59	100	41
HOLLETA	2	72	1	5	1	72	16866	37	B_13	67	74	108	34
HOLLETA	2	73	1	5	1	73	213527_A	143	B_185	52	58	90	32
HOLLETA	2	74	1	5	1	74	208842_A	128	B_173	60	70	104	34
HOLLETA	2	75	1	5	1	75	18330_A	63	B_116	64	71	107	36
HOLLETA	2	76	1	5	1	76	235546_A	242	B_263	63	73	106	33
HOLLETA	2	77	1	5	1	77	221325	190	B_47	52	56	93	37
HOLLETA	2	78	1	5	1	78	220345	185	B_44	54	62	93	31
HOLLETA	2	79	1	5	1	79	18304_C	60	B_114	51	55	91	36
HOLLETA	2	80	1	5	1	80	4051_A	11	B_86	57	63	100	37
HOLLETA	2	81	1	6	2	80	239519_B	262	B_274	51	58	92	34
HOLLETA	2	82	1	6	2	79	219026_A	164	B_200	52	58	93	35
HOLLETA	2	83	1	6	2	78	HB_1533	320	B_310	55	63	97	34
HOLLETA	2	84	1	6	2	77	208836_D	124	B_169	63	71	108	37
HOLLETA	2	85	1	6	2	76	243614	293	B_77	47	55	87	32
HOLLETA	2	86	1	6	2	75	208836_E	125	B_170	62	73	107	34
HOLLETA	2	87	1	6	2	74	242574	274	B_72	55	64	100	36
HOLLETA	2	88	1	6	2	73	24617_A	69	B_123	52	56	90	34
HOLLETA	2	89	1	6	2	72	17145	40	B_15	51	56	95	39
HOLLETA	2	90	1	6	2	71	235116_B	233	B_258	67	75	113	38
HOLLETA	2	91	1	6	2	70	232365_A	219	B_247	63	68	102	34
HOLLETA	2	92	1	6	2	69	243410_A	286	B_290	60	67	100	33
HOLLETA	2	93	1	6	2	68	24985_B	84	B_137	55	62	94	32
HOLLETA	2	94	1	6	2	67	4492_D	15	B_89	69	73	106	33
HOLLETA	2	95	1	6	2	66	230619_B	209	B_237	52	57	91	34
HOLLETA	2	96	1	6	2	65	IAR/H/485	297	B_315	74	82	120	38
HOLLETA	2	97	1	7	2	64	64134_A	96	B_148	59	67	99	32
HOLLETA	2	98	1	7	2	63	232356	218	B_52	52	64	96	32
HOLLETA	2	99	1	7	2	62	213523_A	141	B_245	57	68	104	36
HOLLETA	2	100	1	7	2	61	17249	45	B_18	44	54	85	31
HOLLETA	2	101	1	7	2	60	15284	22	B_7	55	59	94	35
HOLLETA	2	102	1	7	2	59	216994	159	B_40	57	62	99	37
HOLLETA	2	103	1	7	2	58	18330_D	179	B_118	59	67	100	33
HOLLETA	2	104	1	7	2	57	238360	261	B_68	68	77	108	31
HOLLETA	2	105	1	7	2	56	237361_A	258	B_272	58	65	99	34
HOLLETA	2	106	1	7	2	55	24987_A	85	B_138	64	73	105	32
HOLLETA	2	107	1	7	2	54	202833	117	B_33	59	71	101	3
HOLLETA	2	108	1	7	2	53	222969_C	192	B_223	70	79	112	33
HOLLETA	2	109	1	7	2	52	17244_B	44	B_104	54	59	94	35
HOLLETA	2	110	1	7	2	51	1773_B	4	B_80	74	83	112	29
HOLLETA	2	111	1	7	2	50	220347	186	B_45	51	58	90	32
HOLLETA	2	112	1	7	2	49	202642	114	B_32	53	59	89	30
HOLLETA	2	113	1	8	2	48	64134_C	97	B_149	62	68	101	33
HOLLETA	2	114	1	8	2	47	230612_B	207	B_235	49	54	91	37
HOLLETA	2	115	1	8	2	46	243565_A	288	B_292	61	71	102	31
HOLLETA	2	116	1	8	2	45	236823_A	247	B_266	68	76	109	33
HOLLETA	2	117	1	8	2	44	16753	29	B_9	54	59	90	31
HOLLETA	2	118	1	8	2	43	208903_A	130	B_175	51	56	86	30
HOLLETA	2	119	1	8	2	42	4118	13	B_3	61	73	104	31
HOLLETA	2	120	1	8	2	41	17689	57	B_24	51	55	85	30
HOLLETA	2	121	1	8	2	40	219326_B	171	B_207	52	59	91	32
HOLLETA	2	122	1	8	2	39	219178_B	168	B_204	53	63	95	32
HOLLETA	2	123	1	8	2	38	235267	237	B_58	51	55	92	37
HOLLETA	2	124	1	8	2	37	64065_C	91	B_143	67	74	105	31
HOLLETA	2	125	1	8	2	36	Balemi	314	B_297	70	78	111	33
HOLLETA	2	126	1	8	2	35	243567_A	291	B_293	57	66	98	32
HOLLETA	2	127	1	8	2	34	219581_A	178	B_214	61	69	103	34
HOLLETA	2	128	1	8	2	33	242580_A	277	B_281	59	66	103	37
HOLLETA	2	129	1	9	2	32	212959_B	140	B_184	60	67	103	36
HOLLETA	2	130	1	9	2	31	HB_1965	317	B_312	61	69	101	32
HOLLETA	2	131	1	9	2	30	Ardu_12_60B	298	B_295	79	88	120	32
HOLLETA	2	132	1	9	2	29	235262	235	B_57	50	57	91	34
HOLLETA	2	133	1	9	2	28	237003_B	248	B_267	57	64	95	31
HOLLETA	2	134	1	9	2	27	64165_A	100	B_152	59	66	95	29
HOLLETA	2	135	1	9	2	26	18294_A	58	B_111	59	67	100	33
HOLLETA	2	136	1	9	2	25	Bahati	312	B_296	66	76	105	29
HOLLETA	2	137	1	9	2	24	1611_A	1	B_78	49	55	84	29
HOLLETA	2	138	1	9	2	23	223191	198	B_48	50	57	89	32
HOLLETA	2	139	1	9	2	22	243273_A	282	B_286	73	80	118	38
HOLLETA	2	140	1	9	2	21	24636	74	B_27	56	63	100	37
HOLLETA	2	141	1	9	2	20	17685_A	54	B_108	68	78	114	36
HOLLETA	2	142	1	9	2	19	24626_B	72	B_126	51	57	90	33
HOLLETA	2	143	1	9	2	18	217176	162	B_43	53	60	91	31
HOLLETA	2	144	1	9	2	17	235525_A	239	B_260	65	73	104	31
HOLLETA	2	145	1	10	2	16	3545_C	9	B_84	55	64	95	31
HOLLETA	2	146	1	10	2	15	64026_A	90	B_142	52	57	90	33
HOLLETA	2	147	1	10	2	14	219612_A	182	B_217	68	76	108	32
HOLLETA	2	148	1	10	2	13	Dimtu	307	B_301	69	78	112	34
HOLLETA	2	149	1	10	2	12	220790_D	189	B_221	66	74	107	33
HOLLETA	2	150	1	10	2	11	233040_B	221	B_249	61	70	100	30
HOLLETA	2	151	1	10	2	10	218969_A	163	B_199	54	58	91	33
HOLLETA	2	152	1	10	2	9	Derebie	309	B_300	66	73	105	32
HOLLETA	2	153	1	10	2	8	24639_B	289	B_129	76	84	120	36
HOLLETA	2	154	1	10	2	7	230814_B	215	B_243	59	66	93	27
HOLLETA	2	155	1	10	2	6	219611_A	181	B_216	70	77	108	31
HOLLETA	2	156	1	10	2	5	202560	112	B_31	51	55	90	35
HOLLETA	2	157	1	10	2	4	A_hore_880/61	294	B_294	73	82	122	4
HOLLETA	2	158	1	10	2	3	EH_1493	296	B_302	67	74	109	35
HOLLETA	2	159	1	10	2	2	16737_E	26	B_95	66	73	108	35
HOLLETA	2	160	1	10	2	1	230654_B	213	B_241	52	58	89	31
HOLLETA	2	161	1	11	3	1	16867	38	B_14	52	59	91	32
HOLLETA	2	162	1	11	3	2	230631_A	211	B_239	53	57	93	36
HOLLETA	2	163	1	11	3	3	15265_A	18	B_91	49	54	94	40
HOLLETA	2	164	1	11	3	4	64257_B	107	B_159	52	59	92	33
HOLLETA	2	165	1	11	3	5	212947_D	138	B_182	60	72	102	30
HOLLETA	2	166	1	11	3	6	4495	16	B_4	50	56	90	34
HOLLETA	2	167	1	11	3	7	237346_A	256	B_270	51	56	91	35
HOLLETA	2	168	1	11	3	8	24967_C	81	B_135	61	72	107	35
HOLLETA	2	169	1	11	3	9	Cross_41/98	305	B_299	68	76	109	33
HOLLETA	2	170	1	11	3	10	215696_A	152	B_194	54	60	93	33
HOLLETA	2	171	1	11	3	11	208905_A	131	B_176	65	73	104	31
HOLLETA	2	172	1	11	3	12	Shege	301	B_319	68	78	119	41
HOLLETA	2	173	1	11	3	13	215432_A	149	B_191	53	63	95	32
HOLLETA	2	174	1	11	3	14	216008_A	154	B_196	77	88	121	33
HOLLETA	2	175	1	11	3	15	16855	33	B_12	68	76	109	33
HOLLETA	2	176	1	11	3	16	235284	238	B_59	51	56	92	36
HOLLETA	2	177	1	12	3	17	Bekoji_1	313	B_298	67	76	109	33
HOLLETA	2	178	1	12	3	18	234295	223	B_54	51	55	93	38
HOLLETA	2	179	1	12	3	19	64172_A	102	B_154	54	59	94	35
HOLLETA	2	180	1	12	3	20	24987_B	86	B_139	64	74	109	35
HOLLETA	2	181	1	12	3	21	236821	246	B_61	57	62	95	33
HOLLETA	2	182	1	12	3	22	202526_A	111	B_162	65	74	107	33
HOLLETA	2	183	1	12	3	23	204686	121	B_36	58	66	95	29
HOLLETA	2	184	1	12	3	24	15273_A	20	B_92	60	67	102	35
HOLLETA	2	185	1	12	3	25	18378_B	65	B_120	64	72	103	31
HOLLETA	2	186	1	12	3	26	18382_A	66	B_121	60	68	101	33
HOLLETA	2	187	1	12	3	27	233040_A	220	B_248	65	74	110	36
HOLLETA	2	188	1	12	3	28	242582	278	B_74	51	56	87	31
HOLLETA	2	189	1	12	3	29	235551_B	243	B_264	61	72	105	33
HOLLETA	2	190	1	12	3	30	219616_A	184	B_219	65	74	104	30
HOLLETA	2	191	1	12	3	31	HB__1966	319	B_308	62	72	110	38
HOLLETA	2	192	1	12	3	32	1773_C	5	B_81	78	86	119	33
HOLLETA	2	193	1	13	3	33	220743_A	188	B_220	60	68	102	34
HOLLETA	2	194	1	13	3	34	Explorer	300	B_304	67	74	113	39
HOLLETA	2	195	1	13	3	35	243203_A	280	B_283	60	67	104	37
HOLLETA	2	196	1	13	3	36	235541_A	240	B_261	65	74	113	39
HOLLETA	2	197	1	13	3	37	16737_B	25	B_94	65	74	108	34
HOLLETA	2	198	1	13	3	38	216799_A	155	B_197	57	63	95	32
HOLLETA	2	199	1	13	3	39	212504_A	134	B_178	64	72	104	32
HOLLETA	2	200	1	13	3	40	235090_B	230	B_256	55	62	94	32
HOLLETA	2	201	1	13	3	41	Travller	304	B_320	68	81	117	36
HOLLETA	2	202	1	13	3	42	64176_B	104	B_156	51	56	91	35
HOLLETA	2	203	1	13	3	43	237324	252	B_64	51	55	93	38
HOLLETA	2	204	1	13	3	44	212840_A	135	B_179	61	71	115	44
HOLLETA	2	205	1	13	3	45	Holker	316	B_314	66	74	105	31
HOLLETA	2	206	1	13	3	46	219055_A	166	B_202	57	63	96	33
HOLLETA	2	207	1	13	3	47	24622_B	71	B_125	48	54	87	33
HOLLETA	2	208	1	13	3	48	204802_B	122	B_167	78	84	120	36
HOLLETA	2	209	1	14	3	49	24641_A	76	B_130	57	64	97	33
HOLLETA	2	210	1	14	3	50	HB_1964	310	B_307	64	71	104	33
HOLLETA	2	211	1	14	3	51	213594_A	144	B_186	69	77	114	37
HOLLETA	2	212	1	14	3	52	24612_B	68	B_122	49	53	91	38
HOLLETA	2	213	1	14	3	53	242578	276	B_73	51	54	89	35
HOLLETA	2	214	1	14	3	54	219026_B	165	B_201	53	58	92	34
HOLLETA	2	215	1	14	3	55	232216	217	B_51	52	58	92	34
HOLLETA	2	216	1	14	3	56	HB_1963	302	B_311	67	76	115	39
HOLLETA	2	217	1	14	3	57	216997	160	B_41	57	63	94	31
HOLLETA	2	218	1	14	3	58	219580_A	177	B_213	68	77	114	37
HOLLETA	2	219	1	14	3	59	237339	255	B_66	52	58	93	35
HOLLETA	2	220	1	14	3	60	237329	253	B_65	55	63	95	32
HOLLETA	2	221	1	14	3	61	17251_A	46	B_105	49	54	87	33
HOLLETA	2	222	1	14	3	62	237015	249	B_62	67	76	111	35
HOLLETA	2	223	1	14	3	63	215698_B	153	B_195	54	63	97	34
HOLLETA	2	224	1	14	3	64	238349_B	260	B_273	62	68	103	35
HOLLETA	2	225	1	15	3	65	24974_A	83	B_136	53	58	93	35
HOLLETA	2	226	1	15	3	66	24965_C	80	B_134	67	76	111	35
HOLLETA	2	227	1	15	3	67	223182_A	196	B_227	66	76	105	29
HOLLETA	2	228	1	15	3	68	64172_B	103	B_155	53	59	94	35
HOLLETA	2	229	1	15	3	69	4051_C	12	B_87	60	68	103	35
HOLLETA	2	230	1	15	3	70	64111_B	94	B_146	71	78	113	35
HOLLETA	2	231	1	15	3	71	18327	62	B_25	52	57	92	35
HOLLETA	2	232	1	15	3	72	4492_A	14	B_88	65	74	107	33
HOLLETA	2	233	1	15	3	73	64180_A	105	B_157	51	57	90	33
HOLLETA	2	234	1	15	3	74	18905	67	B_26	62	69	104	35
HOLLETA	2	235	1	15	3	75	203167	119	B_34	57	66	101	35
HOLLETA	2	236	1	15	3	76	64334	109	B_30	49	54	86	32
HOLLETA	2	237	1	15	3	77	24988_A	87	B_140	62	71	104	33
HOLLETA	2	238	1	15	3	78	17663	53	B_23	49	54	86	32
HOLLETA	2	239	1	15	3	79	219576_D	174	B_210	53	59	95	36
HOLLETA	2	240	1	15	3	80	235105_B	231	B_257	60	70	108	38
HOLLETA	2	241	1	16	4	80	EH_1847	308	B_303	60	65	101	36
HOLLETA	2	242	1	16	4	79	24639_A	75	B_128	76	87	121	34
HOLLETA	2	243	1	16	4	78	215228_B	147	B_189	57	63	95	32
HOLLETA	2	244	1	16	4	77	230629_A	210	B_238	52	56	92	36
HOLLETA	2	245	1	16	4	76	236819	245	B_60	61	72	108	36
HOLLETA	2	246	1	16	4	75	216935	156	B_38	69	78	112	34
HOLLETA	2	247	1	16	4	74	219328_B	172	B_208	53	59	88	29
HOLLETA	2	248	1	16	4	73	235544_A	241	B_262	65	74	106	32
HOLLETA	2	249	1	16	4	72	64233_C	106	B_158	52	57	92	35
HOLLETA	2	250	1	16	4	71	24965_A	79	B_133	54	63	93	30
HOLLETA	2	251	1	16	4	70	230814_A	214	B_242	57	63	96	33
HOLLETA	2	252	1	16	4	69	234307_A	226	B_251	62	72	104	32
HOLLETA	2	253	1	16	4	68	223174_A	195	B_226	66	73	104	31
HOLLETA	2	254	1	16	4	67	16755	30	B_10	57	61	92	31
HOLLETA	2	255	1	16	4	66	242576_A	275	B_280	51	57	94	37
HOLLETA	2	256	1	16	4	65	230500_A	206	B_234	59	67	102	35
HOLLETA	2	257	1	17	4	64	219578_B	176	B_212	53	59	97	38
HOLLETA	2	258	1	17	4	63	202631_A	113	B_163	54	59	94	35
HOLLETA	2	259	1	17	4	62	243407_A	285	B_289	56	64	105	41
HOLLETA	2	260	1	17	4	61	1826	6	B_2	54	58	91	33
HOLLETA	2	261	1	17	4	60	213523_B	142	B_246	57	63	95	32
HOLLETA	2	262	1	17	4	59	242571	273	B_71	52	57	94	37
HOLLETA	2	263	1	17	4	58	1635	2	B_1	57	63	93	30
HOLLETA	2	264	1	17	4	57	16819_A	32	B_98	65	76	108	32
HOLLETA	2	265	1	17	4	56	243307_A	283	B_287	48	52	84	32
HOLLETA	2	266	1	17	4	55	230815_A	216	B_244	56	63	98	35
HOLLETA	2	267	1	17	4	54	HB_42	299	B_313	73	87	121	34
HOLLETA	2	268	1	17	4	53	219576_A	173	B_209	57	61	94	33
HOLLETA	2	269	1	17	4	52	216954_A	157	B_198	67	74	112	38
HOLLETA	2	270	1	17	4	51	17257	49	B_20	49	54	86	32
HOLLETA	2	271	1	17	4	50	64144_C	99	B_151	66	76	115	39
HOLLETA	2	272	1	17	4	49	225249	201	B_49	74	80	114	34
HOLLETA	2	273	1	18	4	48	16858_B	35	B_100	66	77	108	31
HOLLETA	2	274	1	18	4	47	HB_1307	303	B_309	66	76	113	37
HOLLETA	2	275	1	18	4	46	234312_B	228	B_253	51	57	92	35
HOLLETA	2	276	1	18	4	45	24955_B	77	B_131	65	74	107	33
HOLLETA	2	277	1	18	4	44	243209_A	263	B_284	72	80	113	33
HOLLETA	2	278	1	18	4	43	235056_B	229	B_254	56	64	96	32
HOLLETA	2	279	1	18	4	42	17661_A	52	B_107	53	60	90	30
HOLLETA	2	280	1	18	4	41	15281	21	B_6	56	64	101	37
HOLLETA	2	281	1	18	4	40	223168_C	194	B_225	50	55	96	41
HOLLETA	2	282	1	18	4	39	64144_B	98	B_150	60	68	104	36
HOLLETA	2	283	1	18	4	38	225980_B	203	B_232	56	61	97	36
HOLLETA	2	284	1	18	4	37	219584_A	180	B_215	54	60	100	40
HOLLETA	2	285	1	18	4	36	24620_A	70	B_124	55	61	102	41
HOLLETA	2	286	1	18	4	35	16805	31	B_11	60	67	104	37
HOLLETA	2	287	1	18	4	34	Miscal_21	295	B_317	58	64	105	41
HOLLETA	2	288	1	18	4	33	238348	259	B_67	52	56	93	37
HOLLETA	2	289	1	19	4	32	235056_A	268	B_255	57	63	102	39
HOLLETA	2	290	1	19	4	31	18356_A	64	B_119	57	64	100	36
HOLLETA	2	291	1	19	4	30	16862_A	36	B_101	67	76	111	35
HOLLETA	2	292	1	19	4	29	16726_A	23	B_93	66	74	109	35
HOLLETA	2	293	1	19	4	28	242069	265	B_70	47	51	84	33
HOLLETA	2	294	1	19	4	27	237335_B	254	B_269	57	63	98	35
HOLLETA	2	295	1	19	4	26	4540_A	17	B_90	53	58	89	31
HOLLETA	2	296	1	19	4	25	229796	204	B_50	64	73	101	28
HOLLETA	2	297	1	19	4	24	242093_A	270	B_276	74	84	121	37
HOLLETA	2	298	1	19	4	23	24970	82	B_28	61	72	111	39
HOLLETA	2	299	1	19	4	22	230616_A	208	B_236	52	58	95	37
HOLLETA	2	300	1	19	4	21	16858_A	34	B_99	66	73	111	38
HOLLETA	2	301	1	19	4	20	215474_B	151	B_193	51	56	92	36
HOLLETA	2	302	1	19	4	19	18302_A	59	B_113	51	60	89	29
HOLLETA	2	303	1	19	4	18	18330_B	269	B_117	60	66	101	35
HOLLETA	2	304	1	19	4	17	225980_A	202	B_231	60	65	100	35
HOLLETA	2	305	1	20	4	16	235252	234	B_56	52	56	91	35
HOLLETA	2	306	1	20	4	15	18318_B	61	B_115	68	76	113	37
HOLLETA	2	307	1	20	4	14	242098_B	232	B_278	56	63	100	37
HOLLETA	2	308	1	20	4	13	16881_A	39	B_102	57	63	101	38
HOLLETA	2	309	1	20	4	12	215456_A	150	B_192	54	59	94	35
HOLLETA	2	310	1	20	4	11	220654	187	B_46	61	68	107	39
HOLLETA	2	311	1	20	4	10	234302_A	225	B_250	57	63	95	32
HOLLETA	2	312	1	20	4	9	17254	48	B_19	49	54	84	30
HOLLETA	2	313	1	20	4	8	18294_C	267	B_112	60	67	101	34
HOLLETA	2	314	1	20	4	7	Fanaka	306	B_305	54	65	100	35
HOLLETA	2	315	1	20	4	6	202676_A	115	B_164	53	61	93	32
HOLLETA	2	316	1	20	4	5	208845_A	129	B_174	52	58	95	37
HOLLETA	2	317	1	20	4	4	243193_A	279	B_282	53	57	96	39
HOLLETA	2	318	1	20	4	3	222969_A	191	B_222	65	74	115	41
HOLLETA	2	319	1	20	4	2	212947_A	137	B_181	65	77	119	42
HOLLETA	2	320	1	20	4	1	16727	24	B_8	66	74	108	34
HOLLETA	2	321	2	1	5	1	24626_B	72	B_126	52	58	90	32
HOLLETA	2	322	2	1	5	2	EH_1493	296	B_302	61	74	113	39
HOLLETA	2	323	2	1	5	3	234295	223	B_54	50	54	92	38
HOLLETA	2	324	2	1	5	4	243312_B	284	B_288	67	78	116	38
HOLLETA	2	325	2	1	5	5	222969_C	192	B_223	66	77	114	37
HOLLETA	2	326	2	1	5	6	HB_1307	303	B_309	63	73	111	38
HOLLETA	2	327	2	1	5	7	64233_C	106	B_158	54	57	91	34
HOLLETA	2	328	2	1	5	8	24967_C	81	B_135	61	68	108	40
HOLLETA	2	329	2	1	5	9	219055_A	166	B_202	53	64	96	32
HOLLETA	2	330	2	1	5	10	234302_A	225	B_250	57	62	93	31
HOLLETA	2	331	2	1	5	11	223168_A	193	B_224	53	60	92	32
HOLLETA	2	332	2	1	5	12	229993_A	205	B_233	54	57	90	33
HOLLETA	2	333	2	1	5	13	24617_A	69	B_123	50	55	89	34
HOLLETA	2	334	2	1	5	14	237020_A	250	B_268	51	55	92	37
HOLLETA	2	335	2	1	5	15	16753	29	B_9	51	55	89	34
HOLLETA	2	336	2	1	5	16	215474_B	151	B_193	52	55	93	38
HOLLETA	2	337	2	2	5	17	Shege	301	B_319	70	78	118	40
HOLLETA	2	338	2	2	5	18	237339	255	B_66	53	57	95	38
HOLLETA	2	339	2	2	5	19	4492_D	15	B_89	67	73	111	38
HOLLETA	2	340	2	2	5	20	235090_B	230	B_256	53	63	97	34
HOLLETA	2	341	2	2	5	21	236819	245	B_60	63	69	108	39
HOLLETA	2	342	2	2	5	22	17651	50	B_21	52	63	90	27
HOLLETA	2	343	2	2	5	23	225980_B	203	B_232	57	63	100	37
HOLLETA	2	344	2	2	5	24	Derebie	309	B_300	62	68	111	43
HOLLETA	2	345	2	2	5	25	18378_B	65	B_120	62	70	105	35
HOLLETA	2	346	2	2	5	26	235267	237	B_58	52	58	93	35
HOLLETA	2	347	2	2	5	27	243307_A	283	B_287	48	54	88	34
HOLLETA	2	348	2	2	5	28	16862_A	36	B_101	65	76	110	34
HOLLETA	2	349	2	2	5	29	202833	117	B_33	62	68	99	31
HOLLETA	2	350	2	2	5	30	241788	264	B_69	61	67	102	35
HOLLETA	2	351	2	2	5	31	216993	158	B_39	56	64	95	31
HOLLETA	2	352	2	2	5	32	215456_A	150	B_192	54	63	93	30
HOLLETA	2	353	2	3	5	33	24639_A	75	B_128	77	86	121	35
HOLLETA	2	354	2	3	5	34	243611	292	B_76	47	51	86	35
HOLLETA	2	355	2	3	5	35	219178_A	167	B_203	56	64	97	33
HOLLETA	2	356	2	3	5	36	64165_A	100	B_152	60	64	99	35
HOLLETA	2	357	2	3	5	37	3545_C	9	B_84	55	63	95	32
HOLLETA	2	358	2	3	5	38	237361_A	258	B_272	57	65	100	35
HOLLETA	2	359	2	3	5	39	24955_B	77	B_131	62	73	108	35
HOLLETA	2	360	2	3	5	40	4051_C	12	B_87	61	65	105	40
HOLLETA	2	361	2	3	5	41	4118	13	B_3	62	74	108	34
HOLLETA	2	362	2	3	5	42	229796	204	B_50	62	73	110	37
HOLLETA	2	363	2	3	5	43	24987_B	86	B_139	67	74	112	38
HOLLETA	2	364	2	3	5	44	18330_A	63	B_116	62	68	108	40
HOLLETA	2	365	2	3	5	45	213594_A	144	B_186	71	77	114	37
HOLLETA	2	366	2	3	5	46	16867	38	B_14	53	63	92	29
HOLLETA	2	367	2	3	5	47	242571	273	B_71	51	57	90	33
HOLLETA	2	368	2	3	5	48	235265_B	236	B_259	57	65	97	32
HOLLETA	2	369	2	4	5	49	64134_A	96	B_148	64	72	100	28
HOLLETA	2	370	2	4	5	50	219581_A	178	B_214	63	70	100	30
HOLLETA	2	371	2	4	5	51	1740_A	3	B_79	60	66	99	33
HOLLETA	2	372	2	4	5	52	64116_A	95	B_147	64	77	110	33
HOLLETA	2	373	2	4	5	53	219578_A	175	B_211	62	67	103	36
HOLLETA	2	374	2	4	5	54	16737_B	25	B_94	65	72	108	36
HOLLETA	2	375	2	4	5	55	Ardu_12_60B	298	B_295	78	85	118	33
HOLLETA	2	376	2	4	5	56	24639_B	289	B_129	79	86	120	34
HOLLETA	2	377	2	4	5	57	215696_A	152	B_194	53	59	95	36
HOLLETA	2	378	2	4	5	58	235056_B	229	B_254	57	64	92	28
HOLLETA	2	379	2	4	5	59	202676_A	115	B_164	60	65	94	29
HOLLETA	2	380	2	4	5	60	203167	119	B_34	61	68	100	32
HOLLETA	2	381	2	4	5	61	242070_C	266	B_275	52	56	87	31
HOLLETA	2	382	2	4	5	62	HB_42	299	B_313	76	85	121	36
HOLLETA	2	383	2	4	5	63	HB_1963	302	B_311	64	77	114	37
HOLLETA	2	384	2	4	5	64	233040_A	220	B_248	62	75	112	37
HOLLETA	2	385	2	5	5	65	230631_C	212	B_240	50	54	90	36
HOLLETA	2	386	2	5	5	66	230619_B	209	B_237	52	57	91	34
HOLLETA	2	387	2	5	5	67	234300	224	B_55	52	57	92	35
HOLLETA	2	388	2	5	5	68	16726_A	23	B_93	64	76	112	36
HOLLETA	2	389	2	5	5	69	238348	259	B_67	52	58	92	34
HOLLETA	2	390	2	5	5	70	242580_A	277	B_281	57	65	100	35
HOLLETA	2	391	2	5	5	71	1773_B	4	B_80	76	83	112	29
HOLLETA	2	392	2	5	5	72	EH_1847	308	B_303	56	64	101	37
HOLLETA	2	393	2	5	5	73	202631_A	113	B_163	56	62	95	33
HOLLETA	2	394	2	5	5	74	Cross_41/98	305	B_299	73	78	112	34
HOLLETA	2	395	2	5	5	75	1773_C	5	B_81	81	87	122	35
HOLLETA	2	396	2	5	5	76	208841_A	126	B_171	56	60	94	34
HOLLETA	2	397	2	5	5	77	Travller	304	B_320	72	78	115	37
HOLLETA	2	398	2	5	5	78	237346_B	257	B_271	57	63	94	31
HOLLETA	2	399	2	5	5	79	217176	162	B_43	54	59	88	29
HOLLETA	2	400	2	5	5	80	24974_A	83	B_136	54	58	90	32
HOLLETA	2	401	2	6	6	80	64068_B	93	B_145	61	76	113	37
HOLLETA	2	402	2	6	6	79	18330_B	269	B_117	62	68	105	37
HOLLETA	2	403	2	6	6	78	243407_A	285	B_289	60	67	105	38
HOLLETA	2	404	2	6	6	77	208903_A	130	B_175	52	57	86	29
HOLLETA	2	405	2	6	6	76	233040_B	221	B_249	60	68	105	37
HOLLETA	2	406	2	6	6	75	219576_D	174	B_210	54	61	93	32
HOLLETA	2	407	2	6	6	74	208816_A	123	B_168	70	77	114	37
HOLLETA	2	408	2	6	6	73	232356	218	B_52	60	67	100	33
HOLLETA	2	409	2	6	6	72	219580_A	177	B_213	71	77	114	37
HOLLETA	2	410	2	6	6	71	236821	246	B_61	57	62	94	32
HOLLETA	2	411	2	6	6	70	235116_B	233	B_258	71	76	112	36
HOLLETA	2	412	2	6	6	69	237324	252	B_64	52	56	92	36
HOLLETA	2	413	2	6	6	68	15281	21	B_6	59	64	97	33
HOLLETA	2	414	2	6	6	67	64165_B	101	B_153	58	64	95	31
HOLLETA	2	415	2	6	6	66	Bahati	312	B_296	59	68	108	40
HOLLETA	2	416	2	6	6	65	215228_A	146	B_188	57	65	96	31
HOLLETA	2	417	2	7	6	64	212840_A	135	B_179	62	68	115	47
HOLLETA	2	418	2	7	6	63	235546_A	242	B_263	64	71	112	41
HOLLETA	2	419	2	7	6	62	219612_B	183	B_218	72	76	111	35
HOLLETA	2	420	2	7	6	61	18318_B	61	B_115	72	77	113	36
HOLLETA	2	421	2	7	6	60	64172_B	103	B_155	55	60	93	33
HOLLETA	2	422	2	7	6	59	239519_B	262	B_274	53	58	89	31
HOLLETA	2	423	2	7	6	58	219584_A	180	B_215	54	64	95	31
HOLLETA	2	424	2	7	6	57	16755	30	B_10	57	61	94	33
HOLLETA	2	425	2	7	6	56	204686	121	B_36	60	67	93	26
HOLLETA	2	426	2	7	6	55	235262	235	B_57	52	57	92	35
HOLLETA	2	427	2	7	6	54	64134_C	97	B_149	67	74	104	30
HOLLETA	2	428	2	7	6	53	HB_1964	310	B_307	64	70	105	35
HOLLETA	2	429	2	7	6	52	16737_E	26	B_95	65	72	108	36
HOLLETA	2	430	2	7	6	51	217001	161	B_42	55	59	91	32
HOLLETA	2	431	2	7	6	50	16819_A	32	B_98	67	74	108	34
HOLLETA	2	432	2	7	6	49	4495	16	B_4	52	56	89	33
HOLLETA	2	433	2	8	6	48	223168_C	194	B_225	54	58	96	38
HOLLETA	2	434	2	8	6	47	208836_E	125	B_170	68	74	110	36
HOLLETA	2	435	2	8	6	46	242069	265	B_70	51	57	88	31
HOLLETA	2	436	2	8	6	45	230629_A	210	B_238	53	57	94	37
HOLLETA	2	437	2	8	6	44	Fanaka	306	B_305	60	66	95	29
HOLLETA	2	438	2	8	6	43	18304_C	60	B_114	52	57	94	37
HOLLETA	2	439	2	8	6	42	216994	159	B_40	60	66	104	38
HOLLETA	2	440	2	8	6	41	242578	276	B_73	52	56	93	37
HOLLETA	2	441	2	8	6	40	223191	198	B_48	51	56	94	38
HOLLETA	2	442	2	8	6	39	24956_A	78	B_132	71	76	110	34
HOLLETA	2	443	2	8	6	38	230814_B	215	B_243	62	66	104	38
HOLLETA	2	444	2	8	6	37	212947_D	138	B_182	62	67	103	36
HOLLETA	2	445	2	8	6	36	17663	53	B_23	48	53	86	33
HOLLETA	2	446	2	8	6	35	215217_A	145	B_187	54	59	97	38
HOLLETA	2	447	2	8	6	34	219178_B	168	B_204	53	63	95	32
HOLLETA	2	448	2	8	6	33	220743_A	188	B_220	61	68	106	38
HOLLETA	2	449	2	9	6	32	243410_B	287	B_291	58	64	98	34
HOLLETA	2	450	2	9	6	31	HB_1965	317	B_312	59	65	102	37
HOLLETA	2	451	2	9	6	30	A_hore_880/61	294	B_294	71	78	121	43
HOLLETA	2	452	2	9	6	29	230814_A	214	B_242	59	64	97	33
HOLLETA	2	453	2	9	6	28	232365_A	219	B_247	59	64	102	38
HOLLETA	2	454	2	9	6	27	1826	6	B_2	54	59	93	34
HOLLETA	2	455	2	9	6	26	212947_A	137	B_181	72	77	115	38
HOLLETA	2	456	2	9	6	25	230612_B	207	B_235	53	57	93	36
HOLLETA	2	457	2	9	6	24	219616_A	184	B_219	69	75	112	37
HOLLETA	2	458	2	9	6	23	17249	45	B_18	49	56	87	31
HOLLETA	2	459	2	9	6	22	237021	251	B_63	53	56	95	39
HOLLETA	2	460	2	9	6	21	15271	19	B_5	53	56	94	38
HOLLETA	2	461	2	9	6	20	Ibon174/03	318	B_316	52	56	102	46
HOLLETA	2	462	2	9	6	19	16855	33	B_12	71	74	112	38
HOLLETA	2	463	2	9	6	18	243566	290	B_75	50	54	93	39
HOLLETA	2	464	2	9	6	17	219026_B	165	B_201	54	57	91	34
HOLLETA	2	465	2	10	6	16	212959_A	139	B_183	60	66	101	35
HOLLETA	2	466	2	10	6	15	24965_C	80	B_134	69	76	112	36
HOLLETA	2	467	2	10	6	14	237329	253	B_65	58	61	97	36
HOLLETA	2	468	2	10	6	13	Dimtu	307	B_301	70	76	113	37
HOLLETA	2	469	2	10	6	12	202850_B	118	B_166	54	59	95	36
HOLLETA	2	470	2	10	6	11	202642	114	B_32	54	58	90	32
HOLLETA	2	471	2	10	6	10	219026_A	164	B_200	52	56	93	37
HOLLETA	2	472	2	10	6	9	219578_B	176	B_212	56	60	98	38
HOLLETA	2	473	2	10	6	8	235551_B	243	B_264	63	68	100	32
HOLLETA	2	474	2	10	6	7	219328_B	172	B_208	54	58	92	34
HOLLETA	2	475	2	10	6	6	230631_A	211	B_239	53	57	95	38
HOLLETA	2	476	2	10	6	5	64068_A	92	B_144	71	74	104	30
HOLLETA	2	477	2	10	6	4	212504_A	134	B_178	62	68	101	33
HOLLETA	2	478	2	10	6	3	16858_B	35	B_100	63	74	111	37
HOLLETA	2	479	2	10	6	2	3545_D	10	B_85	58	65	99	34
HOLLETA	2	480	2	10	6	1	215244_A	148	B_190	62	68	109	41
HOLLETA	2	481	2	11	7	1	220347	186	B_45	57	61	92	31
HOLLETA	2	482	2	11	7	2	24612_B	68	B_122	51	54	90	36
HOLLETA	2	483	2	11	7	3	64176_B	104	B_156	51	56	97	41
HOLLETA	2	484	2	11	7	4	235105_B	231	B_257	59	65	102	37
HOLLETA	2	485	2	11	7	5	243193_A	279	B_282	53	57	95	38
HOLLETA	2	486	2	11	7	6	225249	201	B_49	72	80	112	32
HOLLETA	2	487	2	11	7	7	230500_A	206	B_234	56	66	99	33
HOLLETA	2	488	2	11	7	8	Misrach	315	B_318	58	65	98	33
HOLLETA	2	489	2	11	7	9	236823_A	247	B_266	71	76	115	39
HOLLETA	2	490	2	11	7	10	16739_B	27	B_96	70	74	108	34
HOLLETA	2	491	2	11	7	11	17685_B	55	B_109	73	77	111	34
HOLLETA	2	492	2	11	7	12	234312_B	228	B_253	53	57	90	33
HOLLETA	2	493	2	11	7	13	202560	112	B_31	52	57	88	31
HOLLETA	2	494	2	11	7	14	Bekoji_1	313	B_298	71	75	111	36
HOLLETA	2	495	2	11	7	15	213527_A	143	B_185	52	56	88	32
HOLLETA	2	496	2	11	7	16	4540_A	17	B_90	52	56	89	33
HOLLETA	2	497	2	12	7	17	18327	62	B_25	51	56	95	39
HOLLETA	2	498	2	12	7	18	220654	187	B_46	62	68	104	36
HOLLETA	2	499	2	12	7	19	219611_A	181	B_216	71	77	110	33
HOLLETA	2	500	2	12	7	20	234307_A	226	B_251	63	68	107	39
HOLLETA	2	501	2	12	7	21	242574	274	B_72	60	67	105	38
HOLLETA	2	502	2	12	7	22	17257	49	B_20	51	56	90	34
HOLLETA	2	503	2	12	7	23	235056_A	268	B_255	62	66	102	36
HOLLETA	2	504	2	12	7	24	219326_B	171	B_207	54	57	95	38
HOLLETA	2	505	2	12	7	25	234293	222	B_53	52	56	92	36
HOLLETA	2	506	2	12	7	26	235551_C	244	B_265	60	66	102	36
HOLLETA	2	507	2	12	7	27	24641_A	76	B_130	61	65	101	36
HOLLETA	2	508	2	12	7	28	16805	31	B_11	61	68	104	36
HOLLETA	2	509	2	12	7	29	243273_A	282	B_286	74	82	120	38
HOLLETA	2	510	2	12	7	30	216008_A	154	B_196	79	88	121	33
HOLLETA	2	511	2	12	7	31	24987_A	85	B_138	65	72	111	39
HOLLETA	2	512	2	12	7	32	223926_A	199	B_229	57	63	98	35
HOLLETA	2	513	2	13	7	33	202526_A	111	B_162	70	77	109	32
HOLLETA	2	514	2	13	7	34	216935	156	B_38	73	78	114	36
HOLLETA	2	515	2	13	7	35	17251_A	46	B_105	47	53	85	32
HOLLETA	2	516	2	13	7	36	219185_B	170	B_206	60	65	98	33
HOLLETA	2	517	2	13	7	37	18294_C	267	B_112	59	65	102	37
HOLLETA	2	518	2	13	7	38	243567_A	291	B_293	60	66	102	36
HOLLETA	2	519	2	13	7	39	24985_B	84	B_137	53	59	96	37
HOLLETA	2	520	2	13	7	40	223182_B	197	B_228	64	74	109	35
HOLLETA	2	521	2	13	7	41	3514_A	7	B_82	71	74	112	38
HOLLETA	2	522	2	13	7	42	64334	109	B_30	50	57	90	33
HOLLETA	2	523	2	13	7	43	64257_B	107	B_159	54	58	92	34
HOLLETA	2	524	2	13	7	44	237003_B	248	B_267	56	62	102	40
HOLLETA	2	525	2	13	7	45	216799_A	155	B_197	57	63	99	36
HOLLETA	2	526	2	13	7	46	208923	133	B_37	51	57	89	32
HOLLETA	2	527	2	13	7	47	237335_B	254	B_269	60	66	105	39
HOLLETA	2	528	2	13	7	48	64026_A	90	B_142	54	57	93	36
HOLLETA	2	529	2	14	7	49	24622_B	71	B_125	50	56	87	31
HOLLETA	2	530	2	14	7	50	238360	261	B_68	73	79	109	30
HOLLETA	2	531	2	14	7	51	24988_A	87	B_140	69	73	111	38
HOLLETA	2	532	2	14	7	52	1635	2	B_1	59	65	95	30
HOLLETA	2	533	2	14	7	53	242582	278	B_74	50	56	90	34
HOLLETA	2	534	2	14	7	54	3514_C	8	B_83	50	54	91	37
HOLLETA	2	535	2	14	7	55	15265_A	18	B_91	51	57	93	36
HOLLETA	2	536	2	14	7	56	230654_B	213	B_241	53	57	92	35
HOLLETA	2	537	2	14	7	57	230616_A	208	B_236	52	57	93	36
HOLLETA	2	538	2	14	7	58	232216	217	B_51	53	56	94	38
HOLLETA	2	539	2	14	7	59	17145	40	B_15	54	57	93	36
HOLLETA	2	540	2	14	7	60	16727	24	B_8	71	74	108	34
HOLLETA	2	541	2	14	7	61	24620_A	70	B_124	54	59	103	44
HOLLETA	2	542	2	14	7	62	24990	88	B_29	69	73	103	30
HOLLETA	2	543	2	14	7	63	220345	185	B_44	55	61	94	33
HOLLETA	2	544	2	14	7	64	17685_A	54	B_108	73	78	113	35
HOLLETA	2	545	2	15	7	65	64180_A	105	B_157	53	56	91	35
HOLLETA	2	546	2	15	7	66	215698_B	153	B_195	57	62	100	38
HOLLETA	2	547	2	15	7	67	219185_A	169	B_205	58	66	99	33
HOLLETA	2	548	2	15	7	68	18330_D	179	B_118	60	68	105	37
HOLLETA	2	549	2	15	7	69	64144_C	99	B_151	68	74	112	38
HOLLETA	2	550	2	15	7	70	HB__1966	319	B_308	67	73	111	38
HOLLETA	2	551	2	15	7	71	208905_A	131	B_176	67	74	108	34
HOLLETA	2	552	2	15	7	72	17252_C	47	B_106	58	64	99	35
HOLLETA	2	553	2	15	7	73	243203_A	280	B_283	57	64	104	40
HOLLETA	2	554	2	15	7	74	225980_A	202	B_231	57	63	101	38
HOLLETA	2	555	2	15	7	75	17689	57	B_24	53	57	89	32
HOLLETA	2	556	2	15	7	76	221325	190	B_47	54	59	95	36
HOLLETA	2	557	2	15	7	77	24965_A	79	B_133	60	66	96	30
HOLLETA	2	558	2	15	7	78	222969_A	191	B_222	70	77	119	42
HOLLETA	2	559	2	15	7	79	212959_B	140	B_184	65	71	106	35
HOLLETA	2	560	2	15	7	80	IAR/H/485	297	B_315	76	87	122	35
HOLLETA	2	561	2	16	8	80	17146	41	B_16	68	73	108	35
HOLLETA	2	562	2	16	8	79	223182_A	196	B_227	70	76	109	33
HOLLETA	2	563	2	16	8	78	16858_A	34	B_99	70	77	110	33
HOLLETA	2	564	2	16	8	77	243209_A	263	B_284	73	79	112	33
HOLLETA	2	565	2	16	8	76	17244_B	44	B_104	54	59	95	36
HOLLETA	2	566	2	16	8	75	4051_A	11	B_86	57	63	97	34
HOLLETA	2	567	2	16	8	74	220790_D	189	B_221	72	78	111	33
HOLLETA	2	568	2	16	8	73	235284	238	B_59	51	56	95	39
HOLLETA	2	569	2	16	8	72	17244_A	43	B_103	69	74	108	34
HOLLETA	2	570	2	16	8	71	223174_A	195	B_226	70	77	109	32
HOLLETA	2	571	2	16	8	70	18382_A	66	B_121	60	68	105	37
HOLLETA	2	572	2	16	8	69	242098_B	232	B_278	57	65	100	35
HOLLETA	2	573	2	16	8	68	235525_A	239	B_260	69	74	108	34
HOLLETA	2	574	2	16	8	67	216954_A	157	B_198	72	77	110	33
HOLLETA	2	575	2	16	8	66	17148	42	B_17	70	76	112	36
HOLLETA	2	576	2	16	8	65	Holker	316	B_314	71	77	113	36
HOLLETA	2	577	2	17	8	64	213523_B	142	B_246	60	65	95	30
HOLLETA	2	578	2	17	8	63	64333_B	108	B_160	53	56	87	31
HOLLETA	2	579	2	17	8	62	235541_A	240	B_261	65	71	111	40
HOLLETA	2	580	2	17	8	61	235544_A	241	B_262	65	72	107	35
HOLLETA	2	581	2	17	8	60	215432_A	149	B_191	55	62	95	33
HOLLETA	2	582	2	17	8	59	216997	160	B_41	58	65	93	28
HOLLETA	2	583	2	17	8	58	208836_D	124	B_169	61	68	105	37
HOLLETA	2	584	2	17	8	57	17254	48	B_19	46	52	81	29
HOLLETA	2	585	2	17	8	56	Miscal_21	295	B_317	59	64	101	37
HOLLETA	2	586	2	17	8	55	204677	120	B_35	63	70	99	29
HOLLETA	2	587	2	17	8	54	18302_A	59	B_113	49	54	84	30
HOLLETA	2	588	2	17	8	53	64065_C	91	B_143	71	77	105	28
HOLLETA	2	589	2	17	8	52	212840_B	136	B_180	58	65	105	40
HOLLETA	2	590	2	17	8	51	16866	37	B_13	71	76	109	33
HOLLETA	2	591	2	17	8	50	202717_A	116	B_165	57	64	95	31
HOLLETA	2	592	2	17	8	49	1611_A	1	B_78	51	56	89	33
HOLLETA	2	593	2	18	8	48	243565_A	288	B_292	58	64	104	40
HOLLETA	2	594	2	18	8	47	24628_A	73	B_127	51	56	86	30
HOLLETA	2	595	2	18	8	46	215228_B	147	B_189	54	61	93	32
HOLLETA	2	596	2	18	8	45	218969_A	163	B_199	54	59	92	33
HOLLETA	2	597	2	18	8	44	223926_B	200	B_230	55	60	93	33
HOLLETA	2	598	2	18	8	43	4492_A	14	B_88	69	74	110	36
HOLLETA	2	599	2	18	8	42	15284	22	B_7	54	59	95	36
HOLLETA	2	600	2	18	8	41	17658	51	B_22	48	52	87	35
HOLLETA	2	601	2	18	8	40	64003_A	89	B_141	58	65	105	40
HOLLETA	2	602	2	18	8	39	Explorer	300	B_304	67	72	111	39
HOLLETA	2	603	2	18	8	38	230815_A	216	B_244	60	67	98	31
HOLLETA	2	604	2	18	8	37	243614	293	B_77	49	53	89	36
HOLLETA	2	605	2	18	8	36	24636	74	B_27	53	59	95	36
HOLLETA	2	606	2	18	8	35	16881_A	39	B_102	57	61	98	37
HOLLETA	2	607	2	18	8	34	243247_A	281	B_285	61	69	101	32
HOLLETA	2	608	2	18	8	33	18356_A	64	B_119	57	62	104	42
HOLLETA	2	609	2	19	8	32	64336_A	110	B_161	50	56	86	30
HOLLETA	2	610	2	19	8	31	242093_A	270	B_276	72	80	123	43
HOLLETA	2	611	2	19	8	30	64144_B	98	B_150	59	68	108	40
HOLLETA	2	612	2	19	8	29	242099_B	272	B_279	60	67	105	38
HOLLETA	2	613	2	19	8	28	242576_A	275	B_280	50	56	94	38
HOLLETA	2	614	2	19	8	27	64111_B	94	B_146	69	74	112	38
HOLLETA	2	615	2	19	8	26	238349_B	260	B_273	57	66	103	37
HOLLETA	2	616	2	19	8	25	HB_1533	320	B_310	54	62	94	32
HOLLETA	2	617	2	19	8	24	208841_B	127	B_172	62	68	111	43
HOLLETA	2	618	2	19	8	23	204802_B	122	B_167	74	80	118	38
HOLLETA	2	619	2	19	8	22	213523_A	141	B_245	60	68	108	40
HOLLETA	2	620	2	19	8	21	208842_A	128	B_173	63	70	109	39
HOLLETA	2	621	2	19	8	20	64172_A	102	B_154	53	56	94	38
HOLLETA	2	622	2	19	8	19	18294_A	58	B_111	59	65	101	36
HOLLETA	2	623	2	19	8	18	208845_A	129	B_174	51	54	98	44
HOLLETA	2	624	2	19	8	17	Gobe	311	B_306	52	59	103	44
HOLLETA	2	625	2	20	8	16	242098_A	271	B_277	53	61	101	40
HOLLETA	2	626	2	20	8	15	16739_D	28	B_97	62	70	104	34
HOLLETA	2	627	2	20	8	14	219576_A	173	B_209	52	57	94	37
HOLLETA	2	628	2	20	8	13	18905	67	B_26	59	67	107	40
HOLLETA	2	629	2	20	8	12	24970	82	B_28	60	69	110	41
HOLLETA	2	630	2	20	8	11	237015	249	B_62	70	74	111	37
HOLLETA	2	631	2	20	8	10	243410_A	286	B_290	60	66	102	36
HOLLETA	2	632	2	20	8	9	Balemi	314	B_297	71	76	112	36
HOLLETA	2	633	2	20	8	8	15273_A	20	B_92	57	63	100	37
HOLLETA	2	634	2	20	8	7	234308_A	227	B_252	53	58	99	41
HOLLETA	2	635	2	20	8	6	17688_A	56	B_110	67	73	109	36
HOLLETA	2	636	2	20	8	5	17661_A	52	B_107	53	57	90	33
HOLLETA	2	637	2	20	8	4	237346_A	256	B_270	48	54	95	41
HOLLETA	2	638	2	20	8	3	235252	234	B_56	49	54	95	41
HOLLETA	2	639	2	20	8	2	219612_A	182	B_217	71	77	114	37
HOLLETA	2	640	2	20	8	1	208905_B	132	B_177	70	74	113	39
